Año,Trimestre,Provincia,Accesos por cada 100 hab,Accesos por cada 100 hogares,Mbps (Media de bajada),HASTA 512 kbps,+ 512 Kbps - 1 Mbps,+ 1 Mbps - 6 Mbps,+ 6 Mbps - 10 Mbps,+ 10 Mbps - 20 Mbps,+ 20 Mbps - 30 Mbps,+ 30 Mbps,Otros,Total_x,Banda ancha fija,Dial up,Total_y
2023,4,Buenos Aires,27.68,80.96,158.49,26909,23962,228393,239339,246144,110876,4042646,93351,5011620,5005720,5.9,5011620
2023,4,Capital Federal,47.8,117.02,234.44,5160,4544,26409,48083,33925,5829,1355061,0,1474367,1472317,2.05,1474367
2023,4,Catamarca,17.46,68.63,89.4,710,2090,3065,3734,4423,1827,61181,770,74587,74586,1.0,74587
2023,4,Chaco,11.85,44.35,107.14,2360,4770,14811,10361,6247,5729,105485,404,147386,147381,5.0,147386
2023,4,Chubut,26.04,84.96,20.29,1110,1088,44276,31402,22843,20196,33665,16589,170170,169313,857.0,170170
2023,4,Córdoba,27.76,90.67,114.03,990,8404,117068,91169,51126,26948,767427,17061,1079302,1079239,63.0,1079302
2023,4,Corrientes,13.84,52.56,100.9,670,2889,19949,17984,8108,5087,98904,6484,159472,159469,3.0,159472
2023,4,Entre Ríos,20.91,69.94,101.18,1070,4408,37150,54377,16673,7236,164304,14382,298637,298617,20.0,298637
2023,4,Formosa,9.98,39.23,83.35,850,1790,21856,11563,4545,2720,23152,3500,62002,62002,0.0,62002
2023,4,Jujuy,14.77,57.78,46.2,580,1343,15359,11724,28741,2720,58543,198,118020,118020,0.0,118020
2023,4,La Pampa,32.93,99.96,25.61,710,133,46716,17278,14556,5511,34254,161,121326,121164,162.0,121326
2023,4,La Rioja,21.35,80.22,64.18,180,4350,1483,1786,24838,4709,54452,0,87721,87717,4.0,87721
2023,4,Mendoza,14.55,52.15,49.46,1040,2945,35976,20902,30051,7781,196093,5499,299351,298621,730.0,299351
2023,4,Misiones,15.33,56.27,93.65,510,3248,32287,21522,11338,385,119112,8925,200333,200333,0.0,200333
2023,4,Neuquén,23.78,79.91,99.63,1360,9980,35431,13485,10435,2933,81033,20176,164627,164188,439.0,164627
2023,4,Río Negro,21.61,70.26,74.37,1120,1039,27223,16608,18343,24693,64813,15586,168417,167902,515.0,168417
2023,4,Salta,13.8,56.98,83.04,1140,1154,28069,65938,3735,660,98971,6685,204732,204727,5.0,204732
2023,4,San Juan,12.75,50.08,24.78,240,2021,21157,12882,12489,1343,30645,22649,103210,102963,247.0,103210
2023,4,San Luis,29.21,102.07,174.59,600,6280,11317,23754,8952,75907,33150,9170,154685,154520,165.0,154685
2023,4,Santa Cruz,21.94,73.75,36.77,500,5000,7764,10783,11558,3628,19314,33434,87031,86844,187.0,87031
2023,4,Santa Fe,25.08,79.75,99.81,4680,6845,82343,164019,59636,22135,557629,16426,909501,909395,106.0,909501
2023,4,Santiago Del Estero,12.18,49.08,44.22,1800,1173,13018,5398,24514,5794,23641,9300,123230,123228,2.0,123230
2023,4,Tierra Del Fuego,32.75,110.49,17.92,220,8340,10283,12618,19536,6085,4342,7879,61599,61294,305.0,61599
2023,4,Tucumán,15.12,61.04,101.55,390,1089,18850,22817,24476,1583,196919,5620,266335,266308,27.0,266335
2023,3,Buenos Aires,27.5,80.64,146.84,2744,2482,242010,24131,246076,112159,3951660,122762,4968237,4962337,5.9,4968237
2023,3,Capital Federal,47.6,116.4,218.13,5160,469,28089,50899,34061,602,1343709,0,1467984,1465934,2.05,1467984
2023,3,Catamarca,17.44,68.55,87.9,710,2240,3194,3893,4634,2124,60123,920,74355,74354,1.0,74355
2023,3,Chaco,11.46,42.87,107.5,2360,4620,14076,12874,6895,297,100544,4089,142146,142141,5.0,142146
2023,3,Chubut,25.82,84.23,19.26,1110,147,44434,30908,24394,19608,30565,16578,168068,167211,857.0,168068
2023,3,Córdoba,27.57,90.05,111.5,990,8691,126420,96257,52428,26058,742447,16934,1069334,1069271,63.0,1069334
2023,3,Corrientes,13.9,52.78,99.64,670,2985,20810,20906,5494,4577,97014,7976,159829,159826,3.0,159829
2023,3,Entre Ríos,20.58,68.84,96.26,1070,451,38962,49979,20312,22941,156482,0,293293,293273,20.0,293293
2023,3,Formosa,9.89,38.86,80.29,850,2080,21919,11697,5045,2740,21727,3590,61314,61314,0.0,61314
2023,3,Jujuy,14.73,57.61,44.55,580,1436,15685,11983,28956,2880,56943,2028,117377,117377,0.0,117377
2023,3,La Pampa,32.62,99.0,24.21,710,1358,47914,18238,14676,4081,31970,1613,119921,119759,162.0,119921
2023,3,La Rioja,21.41,80.44,63.84,180,4590,1617,1989,24847,4798,53973,0,87701,87697,4.0,87701
2023,3,Mendoza,14.52,52.03,46.96,1040,2948,36236,20942,30636,8032,193600,5524,298022,297292,730.0,298022
2023,3,Misiones,15.12,55.51,91.49,510,3302,32953,22315,119,3862,113860,8892,197135,197135,0.0,197135
2023,3,Neuquén,23.8,79.97,96.57,1700,9810,37758,13937,11582,2377,84209,13259,164273,163834,439.0,164273
2023,3,Río Negro,21.04,68.4,70.93,1120,1061,29201,15014,21182,22752,59206,14957,163485,162970,515.0,163485
2023,3,Salta,13.94,57.57,80.8,1150,119,29305,6706,4059,780,97627,6799,206233,206228,5.0,206233
2023,3,San Juan,12.85,50.45,24.45,240,2021,21090,12882,12564,144,31081,22628,103730,103483,247.0,103730
2023,3,San Luis,28.2,98.55,104.97,600,6280,11398,23818,10926,74914,18688,8484,148916,148751,165.0,148916
2023,3,Santa Cruz,12.17,40.89,15.67,500,6722,10612,10853,9565,3643,6542,0,47987,47800,187.0,47987
2023,3,Santa Fe,24.87,79.09,97.39,4680,7174,85897,168711,65489,20333,534474,17806,900352,900246,106.0,900352
2023,3,Santiago Del Estero,12.08,48.67,41.46,1800,1199,15100,54503,28456,8060,20734,9500,121928,121926,2.0,121928
2023,3,Tierra Del Fuego,31.41,105.95,17.17,220,8340,10550,12731,20384,515,4040,502,58731,58426,305.0,58731
2023,3,Tucumán,15.17,61.26,98.85,390,1236,20378,25026,25523,1633,192051,6710,266557,266530,27.0,266557
2023,2,Buenos Aires,27.1,79.67,138.35,28007,24674,246067,253078,245505,107502,3883235,9742,4885488,4879442,6.046,4885488
2023,2,Capital Federal,47.27,115.48,208.01,5160,4422,27827,54111,34364,6189,1330249,0,1457678,1455578,2.1,1457678
2023,2,Catamarca,17.15,67.42,86.13,710,2260,3329,4076,4788,2285,58048,1670,72990,72989,1.0,72990
2023,2,Chaco,11.46,42.87,105.45,2360,4750,14630,14176,7446,3008,97897,3987,141855,141850,5.0,141855
2023,2,Chubut,25.28,82.49,18.58,1090,1467,45798,31021,2475,17708,28859,14249,163961,163078,883.0,163961
2023,2,Córdoba,27.59,90.13,111.82,990,8627,126496,99026,5224,25144,712647,43472,1067751,1067686,65.0,1067751
2023,2,Corrientes,13.79,52.37,97.21,670,2945,21781,22144,5937,4593,93048,7779,158294,158290,4.0,158294
2023,2,Entre Ríos,19.26,64.43,89.37,1070,4377,39693,4924,20231,22661,137638,0,273947,273927,20.0,273947
2023,2,Formosa,9.75,38.32,77.32,840,1860,21944,11825,5202,3000,20428,3810,60350,60350,0.0,60350
2023,2,Jujuy,14.78,57.78,43.56,580,144,16174,12344,29181,3000,55867,2078,117442,117442,0.0,117442
2023,2,La Pampa,32.4,98.35,22.78,680,1365,48635,18475,14999,4266,29134,1968,118910,118744,166.0,118910
2023,2,La Rioja,21.3,80.01,63.55,180,4540,1719,2236,24737,4888,52920,0,86972,86968,4.0,86972
2023,2,Mendoza,14.54,52.09,42.69,1030,2945,36286,20985,33217,12649,176628,14863,297676,296921,755.0,297676
2023,2,Misiones,15.03,55.18,90.55,510,3247,34144,22649,12055,3862,110815,8648,195471,195471,0.0,195471
2023,2,Neuquén,23.5,78.97,93.97,1680,9840,38006,13946,13275,6649,85749,2969,161746,161289,457.0,161746
2023,2,Río Negro,21.09,68.56,70.76,1110,107,29535,1505,20561,22752,58834,15466,163379,162848,531.0,163379
2023,2,Salta,13.92,57.48,79.1,1140,1042,29687,67966,4523,940,95063,6839,205328,205323,5.0,205328
2023,2,San Juan,12.1,47.52,20.39,240,202,21766,1281,13276,10042,21369,16142,97449,97189,260.0,97449
2023,2,San Luis,26.73,93.41,103.84,600,6240,11543,23932,12756,74914,15090,1829,140748,140575,173.0,140748
2023,2,Santa Cruz,12.39,41.66,15.48,490,672,10609,11253,9733,3667,6315,2560,48602,48410,192.0,48602
2023,2,Santa Fe,24.79,78.83,94.87,4680,7021,89275,172672,71957,24123,499408,3089,895814,895706,108.0,895814
2023,2,Santiago Del Estero,11.7,47.14,37.62,1780,1152,16847,55281,2652,7660,16066,9990,117809,117807,2.0,117809
2023,2,Tierra Del Fuego,31.54,106.38,16.92,220,8310,10556,12748,20962,4707,3901,4908,58635,58325,310.0,58635
2023,2,Tucumán,15.05,60.75,96.69,390,1091,21163,27206,2591,1661,185887,6450,263602,263573,29.0,263602
2023,1,Buenos Aires,26.81,79.0,116.18,28615,25137,249864,264388,241923,104495,3810940,95566,4820928,4814729,6.199,4820928
2023,1,Capital Federal,50.23,122.59,188.65,5160,45,28668,60061,34974,7859,1305284,106867,1548729,1546584,2.145,1548729
2023,1,Catamarca,16.83,66.17,87.41,710,2210,2192,4352,3794,2607,55944,2311,71492,71491,1.0,71492
2023,1,Chaco,11.53,43.15,104.33,2360,5440,15113,1519,7729,302,96663,3947,142442,142437,5.0,142442
2023,1,Chubut,26.32,85.89,18.36,1090,1598,45794,30947,25072,177,28259,20574,170053,169149,904.0,170053
2023,1,Córdoba,27.2,88.84,109.57,990,8844,131774,103063,57176,2496,690566,3349,1049972,1049904,68.0,1049972
2023,1,Corrientes,13.71,52.05,94.8,670,3074,22517,2342,6349,4601,88008,8984,157020,157016,4.0,157020
2023,1,Entre Ríos,19.37,64.79,86.71,1070,4525,41215,51664,20667,2268,134020,0,274878,274856,22.0,274878
2023,1,Formosa,9.87,38.79,73.96,840,1920,22016,11922,6229,2730,19567,7020,60985,60985,0.0,60985
2023,1,Jujuy,14.88,58.2,42.75,580,1598,16842,12856,29386,3060,54859,2076,117981,117981,0.0,117981
2023,1,La Pampa,31.81,96.55,20.09,680,1399,50313,1151,10525,4423,21308,16958,116504,116333,171.0,116504
2023,1,La Rioja,21.23,79.74,63.13,180,5020,1892,247,24551,4949,52023,0,86405,86401,4.0,86405
2023,1,Mendoza,14.34,51.4,41.45,1030,2945,32767,20813,30657,15046,169502,21186,293019,292242,777.0,293019
2023,1,Misiones,14.7,53.97,89.81,510,3448,34762,21817,11881,3881,106601,8244,190685,190685,0.0,190685
2023,1,Neuquén,23.38,78.55,93.42,1680,9860,38414,13933,13192,6195,85257,2267,160412,159944,468.0,160412
2023,1,Río Negro,21.27,69.16,74.4,1110,1076,29515,15171,18697,12079,57910,29772,164331,163783,548.0,164331
2023,1,Salta,13.97,57.67,76.85,1140,1096,30564,69436,4822,1040,92512,6778,205426,205421,5.0,205426
2023,1,San Juan,12.67,49.75,18.7,240,202,30051,11221,14799,10268,21544,1184,101767,101486,281.0,101767
2023,1,San Luis,25.8,90.17,55.85,600,6240,11680,24133,13659,75904,6050,3353,135463,135281,182.0,135463
2023,1,Santa Cruz,12.92,43.42,14.98,510,681,11528,1138,9861,3697,5990,1044,50361,50163,198.0,50361
2023,1,Santa Fe,24.57,78.13,92.22,4680,7655,98198,180708,75061,26306,479777,18101,886274,886164,110.0,886274
2023,1,Santiago Del Estero,11.8,47.55,36.27,1780,1186,21551,57189,21277,7340,15447,9930,118555,118553,2.0,118555
2023,1,Tierra Del Fuego,30.9,104.23,14.58,220,8310,10944,13048,21348,3959,2386,4575,57113,56801,312.0,57113
2023,1,Tucumán,14.95,60.34,95.79,390,1237,23379,29629,25565,1723,164402,15126,261100,261070,30.0,261100
2022,4,Buenos Aires,26.72,78.94,111.0,28934,23347,259866,28155,244555,9867,3760109,97634,4794665,4788466,6.199,4794665
2022,4,Capital Federal,50.35,122.73,182.86,5160,5096,31320,64653,36336,8116,1299117,106772,1551926,1549781,2.145,1551926
2022,4,Catamarca,16.73,65.77,83.33,710,3150,2716,5028,4638,3122,52739,228,70909,70908,1.0,70909
2022,4,Chaco,11.66,43.62,104.02,4610,7710,16067,17846,6704,3039,94866,3909,143663,143658,5.0,143663
2022,4,Chubut,26.23,85.57,15.92,1090,1614,46457,31007,34728,1577,19048,20026,168759,167855,904.0,168759
2022,4,Córdoba,27.26,89.03,108.77,990,9929,143686,108195,6312,20691,686330,1761,1049660,1049592,68.0,1049660
2022,4,Corrientes,13.6,51.64,94.72,670,3282,22647,24858,7025,377,85806,7998,155453,155449,4.0,155453
2022,4,Entre Ríos,19.14,64.01,87.47,1070,4722,45629,467,20927,22483,130406,0,270974,270952,22.0,270974
2022,4,Formosa,10.03,39.41,72.03,840,2450,22458,12391,6724,3100,18930,6980,61840,61840,0.0,61840
2022,4,Jujuy,14.95,58.46,39.32,580,1763,18652,1407,3643,3350,46910,0,118218,118218,0.0,118218
2022,4,La Pampa,31.23,94.8,19.1,680,1687,52618,10334,9167,4479,19783,16028,114164,113993,171.0,114164
2022,4,La Rioja,21.26,79.86,61.0,180,5950,2531,301,24435,5029,50644,0,86262,86258,4.0,86262
2022,4,Mendoza,14.33,51.36,38.76,1030,2954,35541,20355,35935,14909,161163,21144,292104,291327,777.0,292104
2022,4,Misiones,14.39,52.85,91.24,510,351,35622,21373,12196,3182,101745,859,186269,186269,0.0,186269
2022,4,Neuquén,23.41,78.67,95.37,1680,9940,38814,1396,13008,5739,85247,225,160180,159712,468.0,160180
2022,4,Río Negro,21.04,68.42,75.31,1110,1081,32053,13931,20442,7335,57495,29644,162092,161544,548.0,162092
2022,4,Salta,14.04,57.96,75.93,1140,1197,31530,71105,5036,1170,90014,6747,205860,205855,5.0,205860
2022,4,San Juan,12.96,50.88,16.39,240,2027,30069,11247,2044,8188,19991,1184,103826,103545,281.0,103826
2022,4,San Luis,25.83,90.27,30.67,600,6240,11785,24684,13981,78506,2227,3353,135220,135028,192.0,135220
2022,4,Santa Cruz,12.95,43.53,14.33,510,681,11616,11509,10374,3236,5559,1048,50203,50005,198.0,50203
2022,4,Santa Fe,24.65,78.4,90.3,4680,9374,115767,19442,73345,22899,453078,1834,887691,887581,110.0,887691
2022,4,Santiago Del Estero,11.92,48.05,34.4,1780,1267,26183,58136,17735,6610,14345,9890,119494,119492,2.0,119494
2022,4,Tierra Del Fuego,30.07,101.44,13.48,220,9020,11649,13634,21365,3612,1812,2264,55260,54948,312.0,55260
2022,4,Tucumán,15.12,61.04,88.33,390,1562,29996,35425,26369,1375,153538,15118,263422,263392,30.0,263422
2022,3,Buenos Aires,26.37,78.11,70.19,29985,27709,290315,297915,267044,12419,3618689,65821,4721668,4715469,6.199,4721668
2022,3,Capital Federal,50.22,122.28,101.05,5170,5742,34371,67829,51946,28692,1253105,105477,1547679,1545534,2.145,1547679
2022,3,Catamarca,16.62,65.33,60.99,710,3840,3107,5389,5099,3737,50298,2208,70293,70292,1.0,70293
2022,3,Chaco,11.72,43.86,53.21,4610,9870,16782,18938,8049,15828,79390,3711,144146,144141,5.0,144146
2022,3,Chubut,25.86,84.38,15.57,1090,1444,45707,3094,34682,15309,17563,20024,165778,164874,904.0,165778
2022,3,Córdoba,27.04,88.31,56.32,990,11312,153324,111615,70989,27112,650344,13873,1038668,1038600,68.0,1038668
2022,3,Corrientes,12.69,48.21,45.07,670,3865,23427,23948,7776,21706,56950,7107,144846,144842,4.0,144846
2022,3,Entre Ríos,19.04,63.67,42.49,1070,5549,47210,46855,18263,32021,102195,16759,268959,268937,22.0,268959
2022,3,Formosa,11.14,43.76,30.35,970,3070,23538,19545,6194,5640,17704,5890,68538,68537,1.0,68538
2022,3,Jujuy,15.06,58.91,32.43,580,1879,19135,15254,36083,5190,45895,0,118823,118823,0.0,118823
2022,3,La Pampa,31.82,96.59,18.1,680,1887,61540,9653,11592,5609,22731,3012,116092,115921,171.0,116092
2022,3,La Rioja,21.47,80.66,44.3,180,6890,2842,3375,24219,5331,50390,0,86864,86860,4.0,86864
2022,3,Mendoza,14.24,51.03,34.16,1030,2953,44232,21977,48201,17243,150043,4771,289523,288746,777.0,289523
2022,3,Misiones,14.11,51.82,49.3,510,3749,36628,20758,12676,19615,80330,835,182157,182157,0.0,182157
2022,3,Neuquén,23.92,80.37,47.81,1340,9910,38485,1408,92,67,78713,14858,163161,162693,468.0,163161
2022,3,Río Negro,20.91,67.98,34.13,1110,1221,32936,1786,27934,13629,42596,24271,160558,160010,548.0,160558
2022,3,Salta,13.99,57.76,41.33,1140,149,32923,71199,5662,1001,85661,6491,204541,204536,5.0,204541
2022,3,San Juan,12.94,50.8,15.84,240,2027,30324,11247,22157,678,19221,11619,103399,103118,281.0,103399
2022,3,San Luis,23.39,81.74,19.33,600,3070,6563,20813,12061,67438,13,14815,122070,121888,182.0,122070
2022,3,Santa Cruz,12.85,43.19,12.6,520,6841,12342,11313,11378,2333,4604,6470,49510,49312,198.0,49510
2022,3,Santa Fe,24.7,78.55,45.15,4680,11132,132709,198588,70897,57455,396352,20209,887810,887700,110.0,887810
2022,3,Santiago Del Estero,11.91,47.98,17.69,1780,1384,28357,58982,16087,9100,12342,7920,119032,119030,2.0,119032
2022,3,Tierra Del Fuego,29.5,99.51,11.01,220,8310,12002,14815,20102,1752,1021,3351,53896,53584,312.0,53896
2022,3,Tucumán,15.14,61.14,53.36,390,2047,32571,39018,25214,4348,159600,2800,263117,263087,30.0,263117
2022,2,Buenos Aires,26.13,77.58,65.5,30639,28323,295238,307554,273954,129869,3535757,65849,4667183,4660984,6.199,4667183
2022,2,Capital Federal,49.87,121.31,93.97,5170,598,36036,72434,55372,31571,1229254,105607,1536771,1534626,2.145,1536771
2022,2,Catamarca,15.87,62.4,56.56,710,4130,3678,6155,7165,3393,43926,2207,67008,67007,1.0,67008
2022,2,Chaco,11.7,43.79,50.61,4610,1047,17603,20109,8391,15974,76271,3708,143564,143559,5.0,143564
2022,2,Chubut,25.5,83.19,14.91,1090,1444,45804,31217,3429,14526,15394,20021,162805,161901,904.0,162805
2022,2,Córdoba,26.78,87.48,53.51,990,11971,160486,120485,71923,28645,619400,13426,1026435,1026367,68.0,1026435
2022,2,Corrientes,12.73,48.35,43.31,670,3937,24253,24842,8001,21719,55071,7107,144997,144993,4.0,144997
2022,2,Entre Ríos,19.1,63.9,40.03,1070,5656,48637,48557,18512,32355,98769,16759,269352,269330,22.0,269352
2022,2,Formosa,11.05,43.42,28.47,970,4070,23834,19706,633,5910,16326,5900,67881,67881,0.0,67881
2022,2,Jujuy,14.66,57.32,29.39,580,1829,19458,1579,37786,5490,37391,2453,115314,115314,0.0,115314
2022,2,La Pampa,30.63,92.98,16.07,680,1887,62546,9842,118,5247,17125,3012,111527,111356,171.0,111527
2022,2,La Rioja,21.33,80.14,43.28,180,7280,3179,389,23814,5481,48920,0,86030,86026,4.0,86030
2022,2,Mendoza,13.78,49.39,29.72,1030,2954,44961,22557,64138,19543,121366,394,279562,278785,777.0,279562
2022,2,Misiones,13.89,51.0,46.23,510,3808,37254,21712,12774,19757,75107,835,178813,178813,0.0,178813
2022,2,Neuquén,23.82,80.02,46.53,1340,9990,38826,15066,9205,2039,76982,18717,161968,161500,468.0,161968
2022,2,Río Negro,20.87,67.85,33.26,1110,1227,33364,17938,27168,13714,41972,2427,159764,159216,548.0,159764
2022,2,Salta,13.94,57.54,38.77,1140,153,33732,72661,6012,1156,81478,6494,203177,203172,5.0,203177
2022,2,San Juan,12.6,49.46,14.44,240,2027,30385,11276,24649,3728,16701,11617,100407,100126,281.0,100407
2022,2,San Luis,23.4,81.76,19.32,600,3060,6840,21217,11052,67438,13,14815,121741,121559,182.0,121741
2022,2,Santa Cruz,12.84,43.15,11.81,520,6841,12348,11369,11885,2454,3592,6440,49185,48987,198.0,49185
2022,2,Santa Fe,24.5,77.9,42.01,4680,11757,138534,204381,74133,58114,373888,17584,878859,878749,110.0,878859
2022,2,Santiago Del Estero,11.84,47.7,16.34,1780,1401,29581,59931,14606,8830,10672,7920,118044,118042,2.0,118044
2022,2,Tierra Del Fuego,29.6,99.86,10.97,220,8310,12052,14828,19968,1712,1006,3351,53770,53458,312.0,53770
2022,2,Tucumán,14.69,59.31,50.09,390,2195,34461,43513,23634,4863,145541,2810,254527,254497,30.0,254527
2022,1,Buenos Aires,25.56,76.08,62.51,31591,30056,313382,321756,290127,161183,3381049,2628,4555424,4549131,6.293,4555424
2022,1,Capital Federal,46.01,111.8,88.22,5270,5575,39918,7739,61053,43289,1188072,1717,1417541,1415378,2.163,1417541
2022,1,Catamarca,14.81,58.21,51.22,710,4560,4386,7009,8773,3761,35715,2207,62378,62377,1.0,62378
2022,1,Chaco,11.78,44.06,45.84,4610,1099,16888,21235,20898,13012,62946,758,144119,144114,5.0,144119
2022,1,Chubut,26.99,88.05,13.4,1130,1677,61369,31856,3308,13871,14055,15607,171628,170701,927.0,171628
2022,1,Córdoba,26.26,85.76,49.89,1000,12782,165922,126009,73967,34892,577027,13104,1003803,1003729,74.0,1003803
2022,1,Corrientes,12.55,47.64,38.11,670,4029,24563,25665,27077,10452,43631,7094,142578,142574,4.0,142578
2022,1,Entre Ríos,19.05,63.7,35.59,1070,5745,50075,4962,42294,21578,81757,1675,267926,267904,22.0,267926
2022,1,Formosa,8.9,34.96,30.28,970,4480,24113,6945,6613,7160,15028,5880,54548,54548,0.0,54548
2022,1,Jujuy,14.85,58.06,27.69,580,1761,22141,16321,37923,5760,35287,2442,116509,116509,0.0,116509
2022,1,La Pampa,30.2,91.66,14.84,3010,2223,62812,9869,12044,525,14400,2833,109732,109560,172.0,109732
2022,1,La Rioja,20.97,78.77,41.37,180,7780,3576,4692,23624,5645,45970,0,84303,84299,4.0,84303
2022,1,Mendoza,13.6,48.74,26.2,1140,3355,51230,26407,74178,21566,95048,3287,275185,274399,786.0,275185
2022,1,Misiones,13.36,49.04,41.87,510,3873,35655,22261,26855,15854,58610,8349,171508,171508,0.0,171508
2022,1,Neuquén,22.08,74.17,43.05,1370,1123,39856,15623,11163,2654,71238,7885,149679,149208,471.0,149679
2022,1,Río Negro,20.62,67.04,31.09,1160,1383,35565,18859,26926,14144,37729,22652,157374,156821,553.0,157374
2022,1,Salta,13.59,56.11,36.71,1140,1725,35576,68246,6313,2214,76838,6489,197515,197510,5.0,197515
2022,1,San Juan,11.09,43.55,11.99,260,2269,32356,11914,25144,2088,11916,2465,88178,87888,290.0,88178
2022,1,San Luis,23.1,80.72,20.95,610,6430,8287,3837,9802,68612,13,28589,119844,119659,185.0,119844
2022,1,Santa Cruz,12.89,43.34,10.89,510,6898,12710,11502,12277,2628,2551,4850,49102,48898,204.0,49102
2022,1,Santa Fe,24.31,77.3,38.89,4680,12435,143796,208361,84787,58018,344170,18444,870479,870364,115.0,870479
2022,1,Santiago Del Estero,11.71,47.17,14.5,1780,1401,30220,6117,13542,8490,8309,7920,116461,116459,2.0,116461
2022,1,Tierra Del Fuego,29.14,98.29,10.73,240,8940,12849,1564,18034,1767,982,2421,52611,52298,313.0,52611
2022,1,Tucumán,14.22,57.39,47.24,390,2212,36028,46961,21014,5211,133846,2730,245584,245554,30.0,245584
2021,4,Buenos Aires,25.36,75.66,60.21,37821,11026,352950,331292,297296,196021,3259793,22958,4509157,4502772,6.385,4509157
2021,4,Capital Federal,45.85,111.27,82.95,5630,1695,47133,81899,66135,66755,1147939,0,1412119,1409935,2.184,1412119
2021,4,Catamarca,14.05,55.25,46.38,710,0,6038,7855,9804,3262,29827,2233,59090,59089,1.0,59090
2021,4,Chaco,11.77,44.05,42.34,4610,1120,18845,22678,21937,13692,58435,7585,143745,143740,5.0,143745
2021,4,Chubut,25.31,82.57,9.08,1260,1294,63698,39568,31175,578,2904,15763,160308,159364,944.0,160308
2021,4,Córdoba,25.87,84.51,46.36,1000,2479,184548,130892,76246,41198,538700,12607,986770,986693,77.0,986770
2021,4,Corrientes,11.98,45.51,35.77,670,6450,28830,26368,22922,10087,39911,7082,135912,135908,4.0,135912
2021,4,Entre Ríos,18.88,63.16,33.32,1070,3024,56043,49636,38295,24068,77290,16583,265046,265024,22.0,265046
2021,4,Formosa,8.77,34.45,28.76,840,0,22908,6983,6811,1135,13775,1967,53663,53663,0.0,53663
2021,4,Jujuy,14.56,56.92,27.14,580,1750,22446,16793,38134,5640,33421,2324,113915,113915,0.0,113915
2021,4,La Pampa,29.51,89.57,13.85,3010,4930,64840,9082,12259,4821,12184,3027,107007,106834,173.0,107007
2021,4,La Rioja,20.74,77.92,39.7,180,10,5018,5437,23559,5671,43424,0,83128,83124,4.0,83128
2021,4,Mendoza,13.26,47.51,22.23,1560,1463,66428,30308,75214,18621,75031,3660,267587,266783,804.0,267587
2021,4,Misiones,13.36,49.06,38.9,510,50,41916,23554,26721,15954,54596,8335,171132,171132,0.0,171132
2021,4,Neuquén,21.82,73.3,40.09,1400,9400,42313,13264,10515,331,69217,7767,147466,146989,477.0,147466
2021,4,Río Negro,20.21,65.69,27.2,1560,1174,38373,19878,31255,413,36142,22645,153753,153189,564.0,153753
2021,4,Salta,13.76,56.81,33.94,1140,200,40673,69324,6642,3535,72622,6475,199405,199399,6.0,199405
2021,4,San Juan,10.08,39.59,11.05,440,1442,28906,10955,23978,3980,9800,4435,79958,79667,291.0,79958
2021,4,San Luis,22.98,80.3,20.91,620,2640,8550,4276,9107,67363,9,29218,118849,118662,187.0,118849
2021,4,Santa Cruz,12.81,43.05,8.99,520,2970,20305,11641,13054,177,876,4910,48486,48276,210.0,48486
2021,4,Santa Fe,24.24,77.09,36.02,4670,5810,169706,206856,8569,62349,322015,18777,866441,866265,176.0,866441
2021,4,Santiago Del Estero,11.68,47.05,13.84,1780,9090,31915,61524,12205,8000,7537,7930,115861,115859,2.0,115861
2021,4,Tierra Del Fuego,29.17,98.4,10.7,260,3850,13505,16534,16562,1748,1017,258,52357,52042,315.0,52357
2021,4,Tucumán,13.85,55.93,45.15,390,970,37321,48736,21023,5326,125857,2400,238639,238609,30.0,238639
2021,3,Buenos Aires,23.97,71.68,56.26,37193,31149,1108940,248153,141383,192797,2482266,9728,4251609,4246425,5.184,4251609
2021,3,Capital Federal,45.9,111.27,77.71,2950,6030,156978,67013,39785,73502,1075229,0,1413405,1411797,1.608,1413405
2021,3,Catamarca,13.41,52.71,43.43,710,0,6755,8428,10517,1659,26618,2206,56254,56253,1.0,56254
2021,3,Chaco,11.48,42.96,39.11,3010,1120,22545,20986,23852,14412,49705,7958,139871,139868,3.0,139871
2021,3,Chubut,24.74,80.71,8.18,1040,1050,89168,26281,18538,532,1643,14907,156066,155266,800.0,156066
2021,3,Córdoba,24.89,81.28,41.93,990,2452,204989,141285,6505,47198,476459,9256,946788,946726,62.0,946788
2021,3,Corrientes,11.82,44.9,32.17,670,6450,29629,28478,24792,9687,35468,5053,133819,133816,3.0,133819
2021,3,Entre Ríos,18.59,62.18,29.6,1070,3024,61354,59776,39114,16284,67961,12755,260375,260360,15.0,260375
2021,3,Formosa,8.64,33.96,26.69,3810,0,22778,7142,6978,1192,12707,1617,52795,52795,0.0,52795
2021,3,Jujuy,14.24,55.69,25.98,480,1750,23884,16417,37755,5610,29917,2401,111158,111158,0.0,111158
2021,3,La Pampa,27.77,84.28,12.99,2980,3130,65063,7395,8737,4023,10506,4152,100487,100371,116.0,100487
2021,3,La Rioja,20.57,77.26,38.87,180,10,5366,5979,23315,4868,42613,0,82160,82157,3.0,82160
2021,3,Mendoza,12.71,45.55,13.37,360,310,151871,1264,62628,7596,21087,500,255939,255320,619.0,255939
2021,3,Misiones,12.41,45.57,30.88,510,50,41932,25099,26079,14792,42291,8279,158528,158528,0.0,158528
2021,3,Neuquén,20.75,69.71,38.34,1120,3270,57441,8566,6234,3631,57919,5579,139809,139436,373.0,139809
2021,3,Río Negro,19.06,61.97,25.4,1250,5570,68991,373,1488,2282,34011,20009,144585,144084,501.0,144585
2021,3,Salta,13.55,55.96,31.21,1010,200,41431,70104,6962,3878,67010,6327,195833,195831,2.0,195833
2021,3,San Juan,10.05,39.46,7.04,180,3330,59873,7520,1325,3380,278,4641,79483,79227,256.0,79483
2021,3,San Luis,22.86,79.87,21.7,600,0,11552,2405,6491,67942,22,29392,117864,117716,148.0,117864
2021,3,Santa Cruz,13.02,43.75,7.69,500,0,30561,8365,6799,1788,678,7350,48976,48779,197.0,48976
2021,3,Santa Fe,23.59,75.02,33.13,4670,5790,193207,20125,83941,5508,290793,16267,841584,841433,151.0,841584
2021,3,Santiago Del Estero,11.66,47.0,13.35,1230,9090,32752,61838,11274,8010,6863,8980,115458,115457,1.0,115458
2021,3,Tierra Del Fuego,28.15,94.95,9.52,170,0,23723,13397,9782,1433,976,8950,50223,49934,289.0,50223
2021,3,Tucumán,13.53,54.64,42.1,320,970,39446,50293,21986,53,115154,1640,232472,232447,25.0,232472
2021,2,Buenos Aires,23.35,70.0,52.76,37192,31178,1096049,244001,140322,236897,2337604,9108,4132351,4127167,5.184,4132351
2021,2,Capital Federal,45.49,110.14,72.75,2940,6030,157558,73568,43859,86655,1037752,660,1400355,1398747,1.608,1400355
2021,2,Catamarca,13.31,52.34,42.19,710,0,7219,9091,6828,4941,25388,2206,55744,55743,1.0,55744
2021,2,Chaco,11.58,43.33,37.4,3010,1120,23444,21574,24032,16069,47239,7958,140729,140726,3.0,140729
2021,2,Chubut,22.16,72.29,7.68,1040,1050,89639,22605,16604,3896,1112,5172,139237,138412,825.0,139237
2021,2,Córdoba,24.53,80.12,39.59,990,2452,201757,136516,6695,70824,442357,9925,930880,930818,62.0,930880
2021,2,Corrientes,11.47,43.54,30.37,670,6450,29419,27037,24524,10059,32697,5053,129501,129498,3.0,129501
2021,2,Entre Ríos,18.44,61.66,27.62,1070,3024,63518,55349,39468,18484,61605,16077,257632,257617,15.0,257632
2021,2,Formosa,8.46,33.23,23.97,3810,0,22364,731,746,1341,11077,1618,51551,51551,0.0,51551
2021,2,Jujuy,14.37,56.18,25.81,480,1750,24182,16577,37908,6070,29950,2401,111848,111848,0.0,111848
2021,2,La Pampa,27.04,82.08,12.28,2980,5540,64146,7769,8128,3399,9311,4062,97667,97551,116.0,97667
2021,2,La Rioja,20.49,76.98,38.53,180,10,5312,5971,23298,4825,42158,190,81602,81599,3.0,81602
2021,2,Mendoza,11.43,40.97,13.47,360,310,137462,10886,56117,4403,20686,500,229671,229052,619.0,229671
2021,2,Misiones,12.26,45.01,28.68,510,50,41643,25907,25811,16172,38308,8279,156176,156176,0.0,156176
2021,2,Neuquén,20.58,69.14,36.11,1120,3270,57713,8631,5871,5943,54008,5645,138250,137877,373.0,138250
2021,2,Río Negro,19.05,61.94,23.75,1250,5570,69356,3663,15019,3867,31488,20009,144084,143583,501.0,144084
2021,2,Salta,13.3,54.93,29.24,1010,200,42543,67012,7099,9654,58882,6328,191639,191637,2.0,191639
2021,2,San Juan,10.01,39.28,6.99,180,3330,59989,7840,1255,3400,278,4641,78933,78677,256.0,78933
2021,2,San Luis,23.89,83.48,21.66,600,0,11752,2703,5418,65946,22,36917,122818,122670,148.0,122818
2021,2,Santa Cruz,13.1,44.01,7.63,500,0,30595,8463,6888,1575,676,7350,48982,48785,197.0,48982
2021,2,Santa Fe,23.6,75.07,30.7,4670,8960,202018,204077,80452,75195,262124,15371,840600,840449,151.0,840600
2021,2,Santiago Del Estero,11.55,46.56,12.72,1230,9090,32034,62224,10359,8110,6064,1566,114090,114089,1.0,114090
2021,2,Tierra Del Fuego,20.13,67.89,8.59,170,0,21335,6913,458,4760,889,1483,35693,35404,289.0,35693
2021,2,Tucumán,13.61,54.93,40.31,320,970,40224,51648,23732,5022,109616,268,233051,233026,25.0,233051
2021,1,Buenos Aires,23.0,69.11,50.79,36939,31187,1108368,24052,163747,222061,2246313,10867,4060002,4054936,5.066,4060002
2021,1,Capital Federal,44.83,108.42,68.29,1350,2440,159662,76753,56457,83255,1003041,1260,1379673,1378283,1.39,1379673
2021,1,Catamarca,12.44,48.9,39.97,710,0,7423,8455,10115,7120,22996,2196,51968,51967,1.0,51968
2021,1,Chaco,11.53,43.14,33.63,3010,1120,24357,22102,27556,14496,42462,8384,139770,139767,3.0,139770
2021,1,Chubut,21.15,68.99,7.53,1060,1090,86986,21401,15392,2844,1112,439,132340,131515,825.0,132340
2021,1,Córdoba,24.06,78.59,36.17,930,2386,211799,135092,74659,71984,402191,12677,910881,910826,55.0,910881
2021,1,Corrientes,11.23,42.66,25.99,670,5270,31544,26223,26169,9001,27641,5453,126625,126622,3.0,126625
2021,1,Entre Ríos,18.07,60.44,23.87,1050,2911,67255,5606,42432,15774,54600,12826,251963,251950,13.0,251963
2021,1,Formosa,8.33,32.73,20.98,560,0,22409,7569,7916,1215,9579,1942,50686,50686,0.0,50686
2021,1,Jujuy,14.23,55.63,26.78,490,1750,23735,17293,40649,5680,25609,2378,110456,110456,0.0,110456
2021,1,La Pampa,26.94,81.78,10.73,2980,5540,68200,7864,7611,2786,7368,2424,97105,96989,116.0,97105
2021,1,La Rioja,13.26,49.81,12.7,180,10,36749,5968,4604,2150,5074,-10,52628,52625,3.0,52628
2021,1,Mendoza,10.93,39.15,12.6,280,400,134386,11216,52533,4061,16615,440,218923,218308,615.0,218923
2021,1,Misiones,11.76,43.17,25.08,510,5240,40949,25503,27101,1405,32953,8256,149387,149387,0.0,149387
2021,1,Neuquén,19.9,66.84,34.24,1160,3270,56171,8443,5903,5677,50840,5758,133235,132862,373.0,133235
2021,1,Río Negro,18.72,60.88,21.92,1250,4660,70011,4187,13045,3642,29589,20103,141168,140667,501.0,141168
2021,1,Salta,13.06,53.93,27.32,1090,200,40785,68149,9164,8139,54889,6319,187574,187572,2.0,187574
2021,1,San Juan,9.95,39.06,6.91,250,1940,60439,8580,11494,3400,276,4641,78267,78011,256.0,78267
2021,1,San Luis,23.25,81.24,21.59,580,0,11889,2926,4429,62913,22,36917,119154,119006,148.0,119154
2021,1,Santa Cruz,12.39,41.65,7.5,500,0,30655,8334,6987,1337,647,-1945,46065,45868,197.0,46065
2021,1,Santa Fe,23.24,73.92,28.13,5180,8910,201632,204458,91846,65476,236924,24382,826127,825990,137.0,826127
2021,1,Santiago Del Estero,11.33,45.67,11.58,1230,9090,33884,58464,8549,7000,4868,4144,111641,111640,1.0,111641
2021,1,Tierra Del Fuego,22.93,77.35,8.73,170,0,21379,1468,4317,4860,919,11836,40422,40133,289.0,40422
2021,1,Tucumán,13.58,54.82,37.98,290,970,42810,53416,25255,4188,103437,268,231912,231890,22.0,231912
2020,4,Buenos Aires,22.9,68.98,50.01,36939,31197,1109865,242243,214171,213588,2176242,9016,4033261,4028195,5.066,4033261
2020,4,Capital Federal,44.83,108.31,67.33,1350,2440,160210,78123,60208,80269,1000073,2680,1379530,1378140,1.39,1379530
2020,4,Catamarca,12.57,49.41,37.65,710,0,8843,874,11436,5910,20406,2309,52396,52395,1.0,52396
2020,4,Chaco,11.5,43.03,32.45,3010,1120,24782,22479,26802,15701,40949,7965,139091,139088,3.0,139091
2020,4,Chubut,20.95,68.35,7.38,1060,1090,88157,21824,12046,2818,1112,4402,130574,129749,825.0,130574
2020,4,Córdoba,23.9,78.08,35.12,1190,2386,214963,135262,82221,70013,384169,13568,902701,902646,55.0,902701
2020,4,Corrientes,11.17,42.43,25.45,670,5270,31900,26321,25687,9383,26789,4985,125659,125656,3.0,125659
2020,4,Entre Ríos,17.78,59.47,24.05,1050,2911,65659,53556,40755,166,53141,14654,247381,247368,13.0,247381
2020,4,Formosa,8.27,32.49,19.7,560,0,23540,7606,7181,1197,8946,168,50206,50206,0.0,50206
2020,4,Jujuy,13.67,53.46,25.21,490,1820,23772,14379,4493,4460,19282,2811,105851,105851,0.0,105851
2020,4,La Pampa,26.94,81.77,9.88,2980,5540,70184,8124,6562,2396,6257,252,96895,96779,116.0,96895
2020,4,La Rioja,13.34,50.11,12.53,180,10,36906,606,4633,1810,4979,0,52778,52775,3.0,52778
2020,4,Mendoza,10.78,38.63,11.09,280,400,146312,11172,40396,3378,11557,257,215453,214838,615.0,215453
2020,4,Misiones,11.61,42.64,24.96,510,5240,39988,26078,26445,1481,32264,7001,147161,147161,0.0,147161
2020,4,Neuquén,19.94,67.0,33.91,1160,3270,56434,8478,5791,5493,50776,572,133135,132762,373.0,133135
2020,4,Río Negro,18.79,61.09,21.64,1250,4660,70305,4153,13131,3512,29372,20146,141210,140709,501.0,141210
2020,4,Salta,13.09,54.04,25.32,1090,5140,41443,68829,15188,8291,46697,6319,187390,187388,2.0,187390
2020,4,San Juan,9.25,36.32,6.41,250,1940,61316,7400,5126,3320,275,4588,72596,72340,256.0,72596
2020,4,San Luis,23.38,81.68,21.25,580,0,14020,349,2688,62239,22,36918,119435,119287,148.0,119435
2020,4,Santa Cruz,11.01,37.0,7.49,470,0,27173,4382,6634,1033,647,7580,40674,40477,197.0,40674
2020,4,Santa Fe,23.14,73.58,27.29,5180,8910,206372,203793,94246,65145,226246,23602,820813,820676,137.0,820813
2020,4,Santiago Del Estero,10.86,43.75,11.28,1230,9090,34518,5759,4666,4110,4520,3932,106669,106668,1.0,106669
2020,4,Tierra Del Fuego,22.61,76.27,8.49,170,0,21881,6119,3497,4880,922,669,39614,39325,289.0,39614
2020,4,Tucumán,13.57,54.78,36.44,290,970,44095,54334,32155,4105,93594,268,231089,231067,22.0,231089
2020,3,Buenos Aires,22.41,67.66,48.38,37542,31514,1113823,23471,219772,194248,2085815,19853,3937277,3932211,5.066,3937277
2020,3,Capital Federal,44.62,107.68,63.81,2640,3120,162222,85083,68753,78028,977766,2470,1372675,1371285,1.39,1372675
2020,3,Catamarca,12.0,47.16,36.54,630,0,8276,8768,11195,5620,18886,2154,49904,49903,1.0,49904
2020,3,Chaco,11.1,41.54,30.8,3080,1120,24675,21639,27546,13751,38729,7194,133954,133951,3.0,133954
2020,3,Chubut,20.95,68.34,7.4,1580,1090,87559,22114,12217,2818,1110,3942,130027,129202,825.0,130027
2020,3,Córdoba,23.03,75.22,33.51,1680,3064,218599,124833,84236,63823,361021,11728,867472,867417,55.0,867472
2020,3,Corrientes,10.99,41.75,23.85,720,5270,35190,23315,25308,8615,25344,502,123391,123388,3.0,123391
2020,3,Entre Ríos,17.4,58.19,22.43,1300,2911,66648,51478,40797,14377,49395,15759,241495,241482,13.0,241495
2020,3,Formosa,8.12,31.91,18.28,3910,1510,23163,7432,7125,9910,8219,1737,49209,49209,0.0,49209
2020,3,Jujuy,13.82,54.04,21.91,550,1820,32131,10566,45198,2930,15238,3065,106728,106728,0.0,106728
2020,3,La Pampa,26.12,79.26,10.7,2930,8100,66695,782,5577,2189,6322,4029,93735,93619,116.0,93735
2020,3,La Rioja,13.34,50.12,12.19,210,10,37105,5955,466,1240,4748,20,52616,52613,3.0,52616
2020,3,Mendoza,10.42,37.35,10.19,580,400,141404,12123,42433,3448,8237,450,207788,207173,615.0,207788
2020,3,Misiones,11.33,41.6,24.14,710,5240,39005,24215,25942,13663,30987,8779,143186,143186,0.0,143186
2020,3,Neuquén,19.42,65.24,31.46,2180,3270,60463,6561,5975,5449,49439,8030,129235,128862,373.0,129235
2020,3,Río Negro,17.55,57.05,21.08,1140,4660,68986,3769,7096,3455,28488,19093,131467,130966,501.0,131467
2020,3,Salta,12.67,52.32,25.26,1290,5140,32780,64736,1599,7928,43773,14996,180846,180844,2.0,180846
2020,3,San Juan,9.88,38.79,6.03,480,1940,65526,7110,6529,410,128,415,77327,77071,256.0,77327
2020,3,San Luis,22.88,79.96,20.85,1050,0,12199,3351,2666,61319,8,36917,116565,116417,148.0,116565
2020,3,Santa Cruz,10.7,35.95,6.65,660,0,26888,4015,673,6290,120,8330,39281,39084,197.0,39281
2020,3,Santa Fe,22.68,72.12,25.69,5680,1241,213353,199381,92095,58797,210562,27001,802998,802861,137.0,802998
2020,3,Santiago Del Estero,10.76,43.38,10.88,1330,9090,33287,57418,4658,2920,3994,4801,105492,105491,1.0,105492
2020,3,Tierra Del Fuego,22.77,76.81,8.51,110,0,22094,5414,3726,4810,937,6992,39655,39366,289.0,39655
2020,3,Tucumán,13.18,53.23,34.84,520,970,45913,5461,33126,3246,84195,2637,223876,223854,22.0,223876
2020,2,Buenos Aires,21.55,65.22,45.66,37542,31606,1129236,241336,233132,188995,1894466,21233,3777546,3772480,5.066,3777546
2020,2,Capital Federal,44.15,106.41,60.48,2640,3120,166474,94585,79858,8016,935481,6870,1357821,1356431,1.39,1357821
2020,2,Catamarca,11.56,45.43,34.93,630,0,8801,869,10242,4260,16578,3176,47976,47975,1.0,47976
2020,2,Chaco,10.65,39.83,27.95,3080,9280,24350,2114,29044,12082,33311,6969,128132,128129,3.0,128132
2020,2,Chubut,17.58,57.34,7.61,1580,1090,69578,22188,10537,1473,614,3999,108656,107831,825.0,108656
2020,2,Córdoba,22.26,72.71,30.99,1680,4383,219025,125932,8953,63216,325243,8971,836468,836413,55.0,836468
2020,2,Corrientes,10.61,40.3,22.15,720,5270,34242,22845,25844,7898,22418,502,118866,118863,3.0,118866
2020,2,Entre Ríos,16.9,56.54,20.45,1300,3679,66758,5064,4209,12856,43391,14569,234113,234100,13.0,234113
2020,2,Formosa,7.93,31.14,16.87,3910,1510,23534,7109,6998,9610,7475,1313,47932,47932,0.0,47932
2020,2,Jujuy,12.25,47.89,15.86,550,1820,30548,10519,26829,2090,9417,16557,94316,94316,0.0,94316
2020,2,La Pampa,25.07,76.1,8.03,2930,8100,71218,7531,38,1657,3377,1123,89809,89693,116.0,89809
2020,2,La Rioja,13.27,49.84,11.67,210,10,37375,5661,4686,730,4336,20,52155,52152,3.0,52155
2020,2,Mendoza,10.12,36.25,9.27,580,400,142253,12439,35274,3248,5422,245,201184,200569,615.0,201184
2020,2,Misiones,11.14,40.89,22.56,710,5240,39867,23719,26445,12305,28763,8646,140340,140340,0.0,140340
2020,2,Neuquén,19.02,63.9,29.1,2180,3270,61171,6103,6625,5296,46432,0,126172,125799,373.0,126172
2020,2,Río Negro,17.34,56.37,19.68,1140,4660,70817,3335,7498,3246,26953,17057,129486,128985,501.0,129486
2020,2,Salta,12.49,51.58,22.56,1290,5140,41801,64463,16989,7741,39594,6531,177762,177760,2.0,177762
2020,2,San Juan,8.94,35.09,6.31,480,1940,59113,9170,4908,400,127,443,69777,69521,256.0,69777
2020,2,San Luis,22.44,78.41,21.02,1050,0,11439,3585,1934,60889,8,35992,113952,113804,148.0,113952
2020,2,Santa Cruz,10.65,35.79,6.59,660,0,26938,4166,6541,5460,119,4930,38869,38672,197.0,38869
2020,2,Santa Fe,22.01,70.0,23.93,5680,2061,213054,198772,96575,57236,189473,20193,777932,777795,137.0,777932
2020,2,Santiago Del Estero,10.79,43.47,10.41,1330,1779,32557,57709,5178,2470,3328,4516,105447,105446,1.0,105447
2020,2,Tierra Del Fuego,22.64,76.37,8.13,110,0,22325,5186,3034,3910,796,7446,39189,38900,289.0,39189
2020,2,Tucumán,12.83,51.78,32.7,520,970,49028,54537,34184,2246,74377,2635,217156,217134,22.0,217156
2020,1,Buenos Aires,21.21,64.33,45.18,38215,36802,1122034,236421,247977,20578,1802583,28935,3718747,3702985,5.066,3708051
2020,1,Capital Federal,44.02,105.98,58.71,2640,3120,169651,102254,89665,85899,906009,0,1354054,1352104,1.39,1353494
2020,1,Catamarca,9.57,37.62,29.13,630,0,8838,7543,9558,4080,10299,2151,38860,39634,1.0,39635
2020,1,Chaco,10.02,37.48,25.94,3080,9280,23291,19976,29851,10416,28539,6917,120226,120274,3.0,120277
2020,1,Chubut,15.72,51.27,7.12,1580,1090,69586,12957,7756,124,614,45,96920,95938,800.0,96738
2020,1,Córdoba,21.64,70.69,29.39,1420,5128,217229,120188,95827,65733,296875,9802,810924,811044,55.0,811099
2020,1,Corrientes,10.2,38.73,20.54,720,5270,33479,21382,26679,7351,19467,478,113737,113967,3.0,113970
2020,1,Entre Ríos,16.78,56.12,19.03,1300,4081,72280,47132,41125,11988,39794,13762,230292,231833,13.0,231846
2020,1,Formosa,7.69,30.23,15.7,1127,3420,23761,65,6564,9640,6918,1000,46276,46434,0.0,46434
2020,1,Jujuy,11.93,46.67,14.14,550,1820,33120,9979,26693,1660,7349,16545,94089,91665,0.0,91665
2020,1,La Pampa,24.96,75.77,7.29,2930,8110,72740,7199,3029,1342,2113,1618,89145,89110,116.0,89226
2020,1,La Rioja,12.34,46.35,7.96,210,10,37209,5158,464,220,1294,0,48345,48337,3.0,48340
2020,1,Mendoza,9.25,33.14,8.44,580,400,140410,12285,17489,286,3818,0,176960,182837,615.0,183452
2020,1,Misiones,10.63,39.02,22.15,710,5240,36622,21271,26433,11581,26313,10885,133700,133552,0.0,133552
2020,1,Neuquén,18.41,61.85,27.77,2180,3270,60152,5257,7123,5399,43738,0,122214,121354,373.0,121727
2020,1,Río Negro,16.95,55.12,19.06,1140,4660,69154,293,7857,3199,25488,17719,126927,125699,501.0,126200
2020,1,Salta,12.01,49.6,21.43,1290,5140,38537,63714,17991,8625,34744,6441,170695,170379,2.0,170381
2020,1,San Juan,8.25,32.39,6.04,480,1940,59787,1594,1292,400,127,4779,67861,63975,256.0,64231
2020,1,San Luis,21.84,76.31,20.99,1050,0,11322,4164,5250,58258,5,36075,110454,110404,148.0,110552
2020,1,Santa Cruz,10.7,35.97,6.42,670,110,27447,4993,5169,5290,119,0,38335,38625,197.0,38822
2020,1,Santa Fe,21.86,69.52,22.42,6960,2994,217553,196826,10456,48448,173823,17656,762556,770981,137.0,771118
2020,1,Santiago Del Estero,10.54,42.47,10.0,1330,1779,33086,56884,3737,1350,2799,4501,103054,102754,1.0,102755
2020,1,Tierra Del Fuego,22.55,76.07,7.41,110,10,22976,5024,1834,1960,518,7046,37606,38505,289.0,38794
2020,1,Tucumán,11.85,47.85,32.25,520,970,49555,50383,31096,173,67536,0,200449,200045,22.0,200067
2019,4,Buenos Aires,21.14,64.25,30.77,33489,27537,1177446,262297,247106,45257,1465133,20676,3686254,3681120,5.134,3686254
2019,4,Capital Federal,44.19,106.25,44.2,3070,150,177098,110218,110852,20581,753805,0,1358105,1356695,1.41,1358105
2019,4,Catamarca,9.27,36.44,24.88,630,0,9945,7619,9305,8040,7477,3098,38311,38310,1.0,38311
2019,4,Chaco,9.85,36.84,23.37,830,0,25899,18959,30902,13516,21556,6988,117903,117900,3.0,117903
2019,4,Chubut,15.68,51.15,6.99,1580,40,69405,12945,7615,124,614,4121,96102,95292,810.0,96102
2019,4,Córdoba,21.58,70.48,26.16,1420,0,232781,118232,10933,114111,221742,1035,806688,806633,55.0,806688
2019,4,Corrientes,10.21,38.77,19.26,720,0,35055,2062,27367,9981,15744,4995,113834,113831,3.0,113834
2019,4,Entre Ríos,17.34,57.99,17.01,470,0,88203,44511,42962,18976,30153,14178,239030,239017,13.0,239030
2019,4,Formosa,7.76,30.47,14.53,1127,1910,24606,6319,6788,1766,5671,2430,46711,46711,0.0,46711
2019,4,Jujuy,11.6,45.38,12.96,550,0,32920,9632,26764,1020,5286,14122,88881,88881,0.0,88881
2019,4,La Pampa,25.34,76.92,6.53,2930,3130,76747,69,1951,1287,1342,1566,90399,90280,119.0,90399
2019,4,La Rioja,12.55,47.14,8.0,210,0,37846,5045,4763,220,1305,0,49002,48999,3.0,49002
2019,4,Mendoza,9.39,33.65,7.79,7460,90,145139,12955,15237,2165,2628,6901,185780,185157,623.0,185780
2019,4,Misiones,10.84,39.79,20.32,710,0,39664,2084,27305,15626,20799,11508,135813,135813,0.0,135813
2019,4,Neuquén,17.67,59.36,26.02,2180,10,57370,4439,7357,12059,35001,0,116445,116069,376.0,116445
2019,4,Río Negro,17.13,55.71,17.18,1140,0,71847,2797,8558,6968,19837,17019,127140,126636,504.0,127140
2019,4,Salta,12.2,50.35,19.08,1490,10,42159,67656,15369,1417,25821,712,172445,172443,2.0,172445
2019,4,San Juan,8.37,32.85,6.04,480,10,60626,1594,1292,400,127,1246,64974,64715,259.0,64974
2019,4,San Luis,21.44,74.92,20.69,1050,0,11901,4164,5250,55216,3,36287,108201,108053,148.0,108201
2019,4,Santa Cruz,10.92,36.71,5.21,670,0,32368,4346,2224,70,8,3500,39370,39170,200.0,39370
2019,4,Santa Fe,21.85,69.48,20.55,6980,0,230234,190664,113527,70998,135576,27472,769169,769019,150.0,769169
2019,4,Santiago Del Estero,10.65,42.92,9.79,1330,9080,34911,56309,3756,1050,2449,5017,103588,103587,1.0,103588
2019,4,Tierra Del Fuego,23.63,79.7,7.27,110,0,23593,505,1848,1390,1962,7789,40392,40101,291.0,40392
2019,4,Tucumán,11.8,47.65,29.87,550,0,54544,52017,28916,6405,56707,0,198644,198621,23.0,198644
2019,3,Buenos Aires,22.76,69.36,25.68,23892,44648,1432722,222812,260506,483572,1246209,42294,3971683,3950114,10.119,3960233
2019,3,Capital Federal,46.9,112.65,38.71,1040,3680,269704,120924,138011,258591,655108,0,1442810,1437734,3.477,1441211
2019,3,Catamarca,7.86,30.88,9.29,340,430,14449,9285,6333,720,15,2151,32382,32391,9.0,32400
2019,3,Chaco,9.58,35.85,19.99,690,1216,32764,28198,13336,12987,16740,6917,112227,114438,13.0,114451
2019,3,Chubut,14.58,47.57,6.97,740,8400,62680,13033,7171,124,614,45,90152,87481,1.524,89005
2019,3,Córdoba,21.0,68.59,23.19,830,5824,240151,106651,118486,146247,157546,7353,782341,782946,107.0,783053
2019,3,Corrientes,10.13,38.49,16.7,100,5970,42231,29628,10348,10388,12674,478,110656,112749,10.0,112759
2019,3,Entre Ríos,17.31,57.9,14.7,190,4446,99656,56161,17064,21216,22645,15107,236314,238057,45.0,238102
2019,3,Formosa,7.66,30.11,13.22,111,3490,24943,6049,7117,2262,4443,1000,46373,46066,0.0,46066
2019,3,Jujuy,11.33,44.32,11.97,270,8850,31722,924,26835,560,3671,16545,88981,86575,1.0,86576
2019,3,La Pampa,25.52,77.45,5.72,2370,3289,75849,5922,1611,1359,941,1618,90826,90559,269.0,90828
2019,3,La Rioja,12.76,47.94,8.0,90,100,38657,4786,4887,220,1307,0,49678,49659,18.0,49677
2019,3,Mendoza,11.37,40.74,6.11,210,1269,206821,2958,10093,1263,349,0,222774,223015,1.322,224337
2019,3,Misiones,10.71,39.33,17.93,470,1928,43530,29375,11256,16107,16650,12206,131099,133883,0.0,133883
2019,3,Neuquén,19.09,64.14,23.75,450,2258,62909,4586,9597,16923,28458,1220,124898,123435,1.986,125421
2019,3,Río Negro,19.51,63.42,15.98,470,1234,87435,2348,9779,10176,15505,17719,144243,143391,904.0,144295
2019,3,Salta,10.77,44.48,14.75,490,9000,43160,6223,14309,11418,12357,7515,151938,151834,1.0,151835
2019,3,San Juan,9.44,37.06,6.04,220,1710,68315,2245,1267,410,128,4779,76968,72535,563.0,73098
2019,3,San Luis,24.39,85.23,19.74,570,1000,18643,5113,4670,62242,5,36075,122702,122409,291.0,122700
2019,3,Santa Cruz,10.6,35.63,5.02,280,840,31612,4472,1203,270,4,0,37430,37642,328.0,37970
2019,3,Santa Fe,21.66,68.87,18.17,6400,8184,242454,193286,107068,84325,97082,19537,752576,760706,228.0,760934
2019,3,Santiago Del Estero,13.73,55.3,9.39,390,1832,35554,55172,3612,860,1836,34501,132632,133130,2.0,133132
2019,3,Tierra Del Fuego,28.6,96.46,6.69,60,140,32133,4692,1756,820,226,9648,48557,48043,544.0,48587
2019,3,Tucumán,9.78,39.49,19.32,160,1100,71043,47693,24354,8430,20385,0,164444,164099,32.0,164131
2019,2,Buenos Aires,22.22,67.85,22.48,199768,46852,1436259,217785,438663,502275,985767,43438,3870807,3845594,10.104,3855698
2019,2,Capital Federal,46.09,110.55,30.35,740,1027,281370,124087,239691,296155,475991,0,1418395,1412177,3.443,1415620
2019,2,Catamarca,8.17,32.13,8.81,340,430,16631,867,6049,340,10,2151,33622,33626,9.0,33635
2019,2,Chaco,9.13,34.14,16.01,690,1383,38488,26431,16789,15348,9904,1492,109904,108721,13.0,108734
2019,2,Chubut,14.4,46.99,6.05,660,3952,69032,10049,1495,740,165,45,89333,86038,1.518,87556
2019,2,Córdoba,20.84,68.07,18.43,810,8165,248427,100512,157458,170159,76053,8938,769793,775023,105.0,775128
2019,2,Corrientes,10.05,38.16,13.83,100,3012,40424,27774,13114,11928,7119,608,109461,111539,10.0,111549
2019,2,Entre Ríos,17.19,57.48,12.19,180,5905,100687,52316,23196,24221,10664,17206,234213,235780,44.0,235824
2019,2,Formosa,7.74,30.42,10.84,111,3490,26512,5399,8384,2639,2258,1000,46751,46438,0.0,46438
2019,2,Jujuy,11.38,44.51,12.07,270,9400,26233,8441,267,270,2600,21765,86733,86706,1.0,86707
2019,2,La Pampa,25.4,77.08,5.49,2360,3289,75406,5191,1366,1445,629,2661,90223,89937,268.0,90205
2019,2,La Rioja,12.97,48.7,7.89,90,110,39819,4297,4857,130,1298,0,50304,50283,18.0,50301
2019,2,Mendoza,11.37,40.75,6.03,200,2522,205165,2971,10092,1256,234,0,222260,222535,1.322,223857
2019,2,Misiones,10.66,39.15,14.5,470,2226,45769,27385,15408,18882,8129,12206,130052,132878,0.0,132878
2019,2,Neuquén,18.78,63.08,17.24,3020,3038,61776,4688,17318,2121,14132,4220,122886,120954,1.999,122953
2019,2,Río Negro,18.79,61.09,11.63,3840,1354,86366,2201,10291,12407,6907,18519,138429,137632,915.0,138547
2019,2,Salta,10.15,41.89,12.55,490,9740,59638,36923,16961,14059,6461,7585,142650,142567,1.0,142568
2019,2,San Juan,9.07,35.6,6.12,220,2130,60913,2177,7850,70,4,6119,70240,69461,564.0,70025
2019,2,San Luis,23.41,81.79,19.88,570,1020,16575,4964,4670,57236,5,37977,117383,117094,291.0,117385
2019,2,Santa Cruz,8.58,28.85,6.01,250,840,24861,3806,1202,280,4,0,30010,30225,325.0,30550
2019,2,Santa Fe,21.2,67.42,15.07,3210,8427,300124,125176,129741,100131,49865,22323,736108,743258,226.0,743484
2019,2,Santiago Del Estero,13.1,52.79,7.1,390,1832,63268,21362,3741,1080,1205,34501,126056,126752,2.0,126754
2019,2,Tierra Del Fuego,28.11,94.8,6.34,60,1230,41824,4241,1573,960,32,0,47895,46910,544.0,47454
2019,2,Tucumán,9.94,40.14,18.53,160,1570,78891,44296,24291,6280,18394,0,166673,166299,32.0,166331
2019,1,Buenos Aires,21.64,66.24,19.64,162513,72296,1429964,202511,576428,576859,705769,6369,3732709,3736563,10.104,3746667
2019,1,Capital Federal,45.58,109.2,24.72,740,7417,283787,131007,330122,365713,283463,0,1401583,1396157,3.443,1399600
2019,1,Catamarca,8.19,32.19,7.96,340,1708,18761,6443,5606,290,7,2151,34739,33613,9.0,33622
2019,1,Chaco,8.72,32.64,13.44,690,3801,38719,25632,18965,12393,6368,1035,106982,103664,13.0,103677
2019,1,Chubut,13.18,43.0,5.89,660,3938,71077,6571,7870,740,165,0,82678,78260,1.518,79778
2019,1,Córdoba,20.06,65.52,15.73,810,20403,242769,96997,200681,127965,50716,6806,746418,744010,105.0,744115
2019,1,Corrientes,9.25,35.13,12.05,100,647,38402,26562,15498,9688,5029,0,101659,102477,10.0,102487
2019,1,Entre Ríos,16.98,56.79,10.66,180,9217,107013,50068,28957,18146,7619,12142,233180,232403,44.0,232447
2019,1,Formosa,7.55,29.68,9.83,111,3023,23085,5301,9027,2099,1654,0,45299,45211,0.0,45211
2019,1,Jujuy,11.87,46.41,8.56,270,2817,30727,7811,4021,300,1141,37162,83736,90146,1.0,90147
2019,1,La Pampa,25.16,76.35,5.06,2360,8327,70538,4466,1061,1354,405,6980,87085,88892,268.0,89160
2019,1,La Rioja,13.36,50.18,7.09,90,1169,40285,4088,5216,170,869,0,51653,51638,18.0,51656
2019,1,Mendoza,10.51,37.66,5.74,200,1786,205383,2837,5702,1110,140,0,215979,204976,1.322,206298
2019,1,Misiones,9.88,36.26,12.51,470,5946,45266,2589,19111,16552,5167,7654,125633,122720,0.0,122720
2019,1,Neuquén,17.53,58.88,15.88,1328,3055,52360,1781,21452,17135,11026,6105,114242,112321,2.056,114377
2019,1,Río Negro,16.48,53.57,10.49,3840,1583,84845,2037,13615,9567,5076,3719,120826,120173,915.0,121088
2019,1,Salta,9.71,40.1,10.38,490,4232,59244,36473,2291,10861,2242,10,136012,136019,1.0,136020
2019,1,San Juan,8.11,31.83,5.84,220,2290,62380,2660,5200,30,2,5600,63982,61881,564.0,62445
2019,1,San Luis,19.27,67.34,8.71,570,1200,21380,53214,3450,60,2,23577,98701,96044,291.0,96335
2019,1,Santa Cruz,7.04,23.67,5.78,250,1280,21990,2731,7020,260,4,0,25606,24580,325.0,24905
2019,1,Santa Fe,21.06,66.97,12.99,3330,2935,296798,122959,153212,74575,36502,18591,732320,736851,227.0,737078
2019,1,Santiago Del Estero,9.31,37.52,6.42,390,3372,62895,20691,3959,850,494,0,91535,89851,2.0,89853
2019,1,Tierra Del Fuego,27.68,93.38,6.34,60,1310,38851,3623,6410,800,29,0,43361,45903,544.0,46447
2019,1,Tucumán,10.31,41.63,16.57,160,5188,82240,42877,2621,8470,14839,0,172217,171970,32.0,172002
2018,4,Buenos Aires,21.06,64.6,16.93,134673,73761,1422463,194426,577679,949093,265386,19125,3636606,3626502,10.104,3636606
2018,4,Capital Federal,45.25,108.27,22.94,740,7388,283281,143309,330496,437662,186810,0,1389020,1385577,3.443,1389020
2018,4,Catamarca,8.2,32.23,8.04,340,1669,17955,6425,5461,290,7,2003,33583,33574,9.0,33583
2018,4,Chaco,8.71,32.59,13.49,690,3405,36437,25633,18965,12393,6368,0,103270,103257,13.0,103270
2018,4,Chubut,13.06,42.61,6.09,660,3917,66061,6215,5310,6230,165,1144,78722,77204,1.518,78722
2018,4,Córdoba,19.93,65.09,15.81,810,24102,228475,97277,201639,128053,48809,8903,737339,737234,105.0,737339
2018,4,Corrientes,9.1,34.57,12.14,100,6438,37376,26562,15498,9688,5029,0,100601,100591,10.0,100601
2018,4,Entre Ríos,16.26,54.37,11.02,180,8769,94780,50027,29002,18146,7612,13693,222047,222003,44.0,222047
2018,4,Formosa,7.57,29.74,9.82,111,3074,22962,5285,9027,2092,1654,0,45204,45204,0.0,45204
2018,4,Jujuy,11.9,46.53,8.56,270,2803,30727,7811,4021,300,1141,43573,90133,90132,1.0,90133
2018,4,La Pampa,24.22,73.49,4.32,2410,7727,70508,3661,9780,1328,270,9230,85636,85368,268.0,85636
2018,4,La Rioja,13.4,50.35,7.09,90,1164,40285,4088,5216,170,869,30,51651,51633,18.0,51651
2018,4,Mendoza,10.54,37.76,5.75,200,1463,197450,2494,4726,190,132,0,206304,204982,1.322,206304
2018,4,Misiones,9.38,34.45,12.5,470,5981,43267,26019,19226,16566,5167,0,116273,116273,0.0,116273
2018,4,Neuquén,17.58,59.07,15.89,1328,3044,52313,1781,21452,17135,11025,6287,114365,112309,2.056,114365
2018,4,Río Negro,15.95,51.86,10.49,3840,1225,83412,6430,1344,9569,5070,3094,116837,115922,915.0,116837
2018,4,Salta,9.64,39.8,10.46,490,3659,58492,36365,2291,10861,2242,0,134578,134577,1.0,134578
2018,4,San Juan,8.13,31.9,5.72,220,1465,59811,1800,3120,10,1,6060,62398,61834,564.0,62398
2018,4,San Luis,19.33,67.55,8.82,570,1090,19164,53183,1190,620,2,23635,96331,96040,291.0,96331
2018,4,Santa Cruz,7.05,23.69,5.12,250,1150,23107,7790,2060,10,4,5310,24768,24443,325.0,24768
2018,4,Santa Fe,20.62,65.59,13.18,3350,31397,276301,121009,152039,74432,36427,2845,720390,720161,229.0,720390
2018,4,Santiago Del Estero,9.28,37.4,6.31,390,325,61347,20127,3686,770,483,3260,89335,89333,2.0,89335
2018,4,Tierra Del Fuego,27.75,93.59,7.44,60,270,29919,6323,9894,240,67,0,46260,45716,544.0,46260
2018,4,Tucumán,10.34,41.76,16.58,160,5244,82089,42766,26111,8470,14839,920,172004,171972,32.0,172004
2018,3,Buenos Aires,20.96,64.44,16.78,9910,80459,1445733,190805,63609,897964,237248,120464,3609754,3599714,10.563,3610277
2018,3,Capital Federal,45.38,108.45,21.64,730,8493,287919,147253,370677,41502,165055,0,1394490,1385804,6.686,1392490
2018,3,Catamarca,8.37,32.92,7.81,340,1994,18475,6358,532,340,7,2151,34373,34215,11.0,34226
2018,3,Chaco,8.63,32.28,12.89,700,3503,38729,24916,20335,11085,5667,1035,105340,102021,12.0,102033
2018,3,Chubut,17.29,56.39,6.08,670,3951,91096,6162,5310,6230,164,0,102594,101310,2.426,103736
2018,3,Córdoba,19.67,64.24,14.82,810,24767,224471,96372,221984,109333,39854,649,723352,725764,94.0,725858
2018,3,Corrientes,9.02,34.25,11.49,110,6754,38364,24953,16601,8357,4419,0,99459,99445,11.0,99456
2018,3,Entre Ríos,15.02,50.22,10.52,180,9048,96095,45651,31353,15111,6786,0,204062,204560,48.0,204608
2018,3,Formosa,7.53,29.58,9.32,111,3365,22624,5259,9336,1729,1434,0,44857,44865,0.0,44865
2018,3,Jujuy,5.95,23.26,7.67,3450,302,29048,7756,4066,390,623,0,44897,44934,1.0,44935
2018,3,La Pampa,23.64,71.75,4.28,2420,8417,68507,3153,9200,1189,216,6980,83342,83180,244.0,83424
2018,3,La Rioja,13.51,50.73,6.16,90,1291,40647,4138,5425,200,339,0,51869,51855,17.0,51872
2018,3,Mendoza,10.6,37.99,5.79,200,1525,199297,2476,4727,270,129,0,208201,205545,1.484,207029
2018,3,Misiones,8.74,32.1,12.49,480,5749,39617,24747,21212,14674,4547,0,110594,108042,0.0,108042
2018,3,Neuquén,18.01,60.49,14.67,1396,2244,55822,1647,23785,15218,9718,6105,115935,114713,2.005,116718
2018,3,Río Negro,15.55,50.54,10.06,4090,5221,75929,5120,14912,847,4332,3719,113504,112433,1.059,113492
2018,3,Salta,9.55,39.43,9.27,1160,3721,61795,32782,25582,9224,502,0,133722,132882,1.0,132883
2018,3,San Juan,8.42,33.05,5.74,220,1326,62525,1800,3120,30,1,0,64369,63823,658.0,64481
2018,3,San Luis,14.98,52.35,8.81,570,1090,19170,5294,1190,630,2,1902,74362,74121,300.0,74421
2018,3,Santa Cruz,9.74,32.73,5.37,260,1160,32815,7780,2060,10,3,0,33945,33565,434.0,33999
2018,3,Santa Fe,19.94,63.41,12.36,4670,36786,269211,115907,162545,62479,31266,13911,692572,694883,217.0,695100
2018,3,Santiago Del Estero,9.0,36.25,5.78,410,255,60260,19116,3806,640,265,0,86102,86358,2.0,86360
2018,3,Tierra Del Fuego,27.51,92.77,5.99,60,1870,41569,227,2310,240,13,0,44300,45056,508.0,45564
2018,3,Tucumán,10.33,41.68,15.26,160,5993,81559,43282,27062,9410,12187,0,171040,171135,31.0,171166
2018,2,Buenos Aires,20.37,62.78,14.68,1009,81354,1459443,295457,816056,536049,199589,113357,3502314,3490134,10.565,3500699
2018,2,Capital Federal,44.63,106.53,18.94,730,9234,290291,219166,445345,264805,142253,0,1371167,1362498,6.688,1369186
2018,2,Catamarca,8.36,32.86,7.69,340,2414,14624,6112,4347,360,6,65,34073,34078,11.0,34089
2018,2,Chaco,8.35,31.25,12.5,700,2968,34167,24282,21887,9251,4630,1035,98290,98509,12.0,98521
2018,2,Chubut,16.83,54.9,5.33,670,4471,85598,5369,40,50,9,501,100533,98137,2.427,100564
2018,2,Córdoba,19.37,63.27,13.88,810,21779,219630,102596,244291,78852,34950,811,710289,712979,94.0,713073
2018,2,Corrientes,8.9,33.81,10.88,110,7047,38268,24066,17926,678,3862,0,97960,97946,11.0,97957
2018,2,Entre Ríos,14.71,49.2,10.19,180,8179,94459,4457,34281,12012,5920,0,199439,199937,48.0,199985
2018,2,Formosa,7.49,29.43,8.97,111,3568,22409,5176,9727,1313,1243,0,44546,44554,,44554
2018,2,Jujuy,5.99,23.43,6.29,3450,332,29319,8083,3977,440,7,0,45095,45132,1.0,45133
2018,2,La Pampa,23.41,71.04,4.1,2440,8797,68083,2409,9650,9690,179,6980,82344,82177,244.0,82421
2018,2,La Rioja,13.57,50.98,5.59,90,1384,40679,4198,564,200,15,0,51945,51931,17.0,51948
2018,2,Mendoza,10.32,36.97,5.88,200,1658,164596,5150,2660,170,72,33788,200932,199468,1.484,200952
2018,2,Misiones,8.62,31.63,11.76,480,6092,39489,23569,23747,11888,3866,0,108699,106147,,106147
2018,2,Neuquén,17.93,60.24,13.37,1396,2408,56035,1314,26417,12442,8551,6105,114668,113842,2.006,115848
2018,2,Río Negro,15.43,50.15,9.51,4090,5298,75056,5230,1648,6663,3725,3975,112129,111176,1.059,112235
2018,2,Salta,9.67,39.94,8.93,1160,399,61763,33285,28431,7239,182,0,135006,134166,1.0,134167
2018,2,San Juan,8.39,32.95,5.85,220,1378,57591,110,0,30,0,5068,64073,63443,658.0,64101
2018,2,San Luis,4.34,15.15,5.9,570,1010,11992,110,0,70,2,9284,21454,21168,300.0,21468
2018,2,Santa Cruz,9.92,33.33,5.19,260,1200,28600,6550,1000,10,3,4267,33772,33970,435.0,34405
2018,2,Santa Fe,19.68,62.57,11.75,7440,34267,262603,112143,17554,50525,26512,22257,684591,684243,309.0,684552
2018,2,Santiago Del Estero,8.75,35.26,5.91,410,2717,41362,18721,3278,310,31,17589,83770,83773,2.0,83775
2018,2,Tierra Del Fuego,27.16,91.61,5.94,60,1880,40912,2217,750,0,0,1070,43505,44199,508.0,44707
2018,2,Tucumán,10.28,41.51,13.51,160,6735,79899,44968,27059,1084,8784,1305,169850,169926,31.0,169957
2018,1,Buenos Aires,20.28,62.63,14.2,1514,74766,1445752,292732,886678,480237,184203,105818,3471700,3464882,10.564,3475446
2018,1,Capital Federal,44.56,106.24,17.75,890,10039,292566,222737,487826,227953,127384,0,1368594,1359882,6.688,1366570
2018,1,Catamarca,8.34,32.79,8.2,340,2896,14770,6145,3539,410,4,65,33929,33934,11.0,33945
2018,1,Chaco,8.24,30.83,12.44,700,3261,32516,24488,23296,8219,3897,1035,96782,96925,12.0,96937
2018,1,Chubut,16.47,53.72,5.42,670,4314,83161,5358,40,50,9,501,97928,95532,2.427,97959
2018,1,Córdoba,19.45,63.52,12.79,2810,23922,222815,1043,266259,57137,29228,10049,713991,713825,101.0,713926
2018,1,Corrientes,8.6,32.66,11.12,110,5005,37152,24038,19068,589,3256,0,94420,94406,11.0,94417
2018,1,Entre Ríos,14.56,48.68,9.88,180,8861,90080,45599,37401,9818,5071,0,196848,197346,48.0,197394
2018,1,Formosa,5.45,21.4,11.06,111,3803,10092,5117,10061,1091,1046,0,32320,32328,0.0,32328
2018,1,Jujuy,5.91,23.12,6.74,3450,4807,27219,8044,3925,490,4,0,44393,44405,1.0,44406
2018,1,La Pampa,23.64,71.75,4.0,2450,8119,67104,1616,1076,6140,98,3503,82375,82668,396.0,83064
2018,1,La Rioja,13.69,51.44,5.89,90,1485,40680,4217,5831,190,1,0,52242,52228,17.0,52245
2018,1,Mendoza,10.35,37.07,5.88,200,1662,164599,5010,2660,190,72,33788,200927,199463,1.484,200947
2018,1,Misiones,8.43,30.96,12.08,480,47,35820,23291,26223,10241,3219,0,103542,103580,0.0,103580
2018,1,Neuquén,18.31,61.52,11.96,1396,2367,59468,1311,29012,9709,7378,6105,116746,115897,2.006,117903
2018,1,Río Negro,15.32,49.82,8.98,4090,5333,74894,5300,17997,4972,3129,3975,111239,110057,1.062,111119
2018,1,Salta,9.63,39.78,9.19,1160,4459,60334,33088,30771,5145,88,0,134001,133182,1.0,133183
2018,1,San Juan,8.31,32.61,5.85,220,1058,57078,110,0,30,0,5068,63240,62610,658.0,63268
2018,1,San Luis,4.34,15.15,5.89,570,1010,11920,110,0,70,2,9284,21382,21096,300.0,21396
2018,1,Santa Cruz,9.98,33.55,5.19,260,1200,28600,6550,1000,10,3,4267,33772,33970,435.0,34405
2018,1,Santa Fe,19.58,62.28,11.17,1359,33639,262008,108576,1889,39589,22801,23181,680053,679717,309.0,680026
2018,1,Santiago Del Estero,8.68,34.99,6.25,410,291,41298,18914,3449,330,2,17589,84236,82916,2.0,82918
2018,1,Tierra Del Fuego,19.33,65.2,5.77,60,3070,33987,20,0,0,0,1070,34409,31106,508.0,31614
2018,1,Tucumán,10.2,41.18,9.36,160,7472,78811,45675,26405,1218,7082,1305,167984,168026,31.0,168057
2017,4,Buenos Aires,18.61,57.61,12.97,3865,55046,1551194,264645,712513,33514,151747,114182,3188332,3171206,10.69,3181896
2017,4,Capital Federal,51.62,122.9,15.2,3140,31411,517018,28404,45812,178396,114939,0,1584238,1575418,6.906,1582324
2017,4,Catamarca,7.28,28.62,7.78,340,3182,15315,5904,2927,430,2,2151,29558,29548,10.0,29558
2017,4,Chaco,8.23,30.81,11.7,700,3432,37144,24088,20123,729,3289,1035,96471,96603,12.0,96615
2017,4,Chubut,15.78,51.46,5.41,670,4313,83676,5355,70,50,9,0,93432,91012,2.428,93440
2017,4,Córdoba,19.39,63.33,11.64,2910,25411,280837,102892,217602,40898,24251,8429,700611,709874,105.0,709979
2017,4,Corrientes,8.56,32.52,10.38,110,522,41080,23686,16046,5053,2675,0,93771,93760,11.0,93771
2017,4,Entre Ríos,14.32,47.89,9.3,1685,9078,95466,45189,3001,7958,4113,0,193499,193654,49.0,193703
2017,4,Formosa,5.41,21.27,10.11,111,4061,13220,4867,6996,9770,824,0,32055,32056,0.0,32056
2017,4,Jujuy,5.82,22.74,6.64,3450,5364,26566,7721,3507,440,3,0,43550,43551,1.0,43552
2017,4,La Pampa,23.41,71.05,3.98,3100,8729,66053,1227,7920,3910,81,3503,81086,81675,396.0,82071
2017,4,La Rioja,13.73,51.57,5.88,90,1488,40777,4083,5813,220,3,0,52195,52177,17.0,52194
2017,4,Mendoza,9.3,33.33,5.71,260,1656,177646,4380,2780,290,81,0,180154,178661,1.49,180151
2017,4,Misiones,8.48,31.14,11.32,1053,39,41723,23131,22262,9091,2735,0,103895,103895,0.0,103895
2017,4,Neuquén,18.23,61.24,10.72,1396,2372,68036,1325,22781,7528,6300,6105,115843,114965,2.006,116971
2017,4,Río Negro,15.19,49.38,8.05,4090,5598,81078,4850,12502,3447,2440,3719,109678,108702,1.062,109764
2017,4,Salta,9.64,39.8,8.45,6360,4275,73284,32842,18968,3559,84,0,133648,132811,1.0,132812
2017,4,San Juan,7.72,30.3,5.83,220,1062,57525,90,0,20,2,0,58622,57965,659.0,58624
2017,4,San Luis,3.03,10.59,5.73,590,1010,12822,80,0,10,7,1902,14900,14604,300.0,14904
2017,4,Santa Cruz,8.6,28.91,5.21,680,780,29073,6550,1000,10,3,0,29978,29018,434.0,29452
2017,4,Santa Fe,19.41,61.71,10.3,3109,34132,309998,108939,151329,30736,19602,14119,671964,672137,323.0,672460
2017,4,Santiago Del Estero,7.23,29.13,6.17,410,3091,43544,18773,3359,320,2,0,68842,68842,2.0,68844
2017,4,Tierra Del Fuego,17.76,59.89,5.2,60,3100,31334,20,0,0,0,0,31652,28346,508.0,28854
2017,4,Tucumán,9.88,39.9,9.11,1050,8164,78750,45241,24318,1303,4367,0,162248,162298,34.0,162332
2017,3,Buenos Aires,17.94,55.63,8.43,6577,51411,1733479,311652,676137,140812,108400,0,3028468,3046758,11.202,3057960
2017,3,Capital Federal,51.24,121.86,10.64,2830,33924,590689,311411,4263,120675,91917,0,1575199,1563289,7.07,1570359
2017,3,Catamarca,8.27,32.49,5.26,520,3204,15383,5758,2563,500,1,0,27011,33467,11.0,33478
2017,3,Chaco,8.01,29.98,8.48,950,3496,40059,23008,20307,3827,2004,0,92796,93747,12.0,93759
2017,3,Chubut,14.17,46.22,3.48,4360,3989,71843,2336,30,0,0,0,78607,81067,2.477,83544
2017,3,Córdoba,19.08,62.31,9.12,3270,26154,309161,100113,189302,38131,16741,0,679929,696536,108.0,696644
2017,3,Corrientes,8.47,32.17,7.45,240,5629,44305,22785,15576,2635,1607,0,92561,92536,12.0,92548
2017,3,Entre Ríos,13.74,45.96,6.99,1691,7545,98032,42947,29011,3878,2397,0,185501,185414,50.0,185464
2017,3,Formosa,5.43,21.35,7.07,1063,3716,13752,5187,6056,8990,459,0,31132,32105,0.0,32105
2017,3,Jujuy,5.79,22.65,4.69,3370,5723,26835,7369,2962,410,2,0,43269,43241,1.0,43242
2017,3,La Pampa,22.78,69.14,3.44,3430,8244,64794,8550,5880,3270,51,0,75202,79280,410.0,79690
2017,3,La Rioja,13.7,51.47,5.01,160,1497,40882,3899,5604,230,3,0,51924,51896,17.0,51913
2017,3,Mendoza,9.96,35.7,3.51,320,950,158461,1150,670,290,19,0,158818,190958,1.533,192491
2017,3,Misiones,8.23,30.21,8.43,1058,4123,42900,22808,23913,3843,1881,0,100526,100476,0.0,100476
2017,3,Neuquén,18.11,60.83,8.17,2036,1457,72532,1034,20213,7067,4937,0,109276,113755,2.029,115784
2017,3,Río Negro,14.92,48.52,5.49,4220,5641,83900,3060,10116,2965,1659,0,105009,106393,1.103,107496
2017,3,Salta,9.65,39.84,6.13,6450,4494,78830,32433,1462,2315,63,0,133400,132517,1.0,132518
2017,3,San Juan,8.25,32.37,3.45,310,1077,57582,10,0,20,2,0,58695,61789,660.0,62449
2017,3,San Luis,4.43,15.48,3.5,630,30,12325,70,0,10,7,0,12406,21408,311.0,21719
2017,3,Santa Cruz,9.91,33.29,3.61,1880,230,29102,5420,660,330,1,0,29955,33222,468.0,33690
2017,3,Santa Fe,19.15,60.91,7.79,3116,34019,320017,104453,125339,24536,12982,0,624462,662086,256.0,662342
2017,3,Santiago Del Estero,8.72,35.12,5.18,690,3288,40435,18489,3047,300,2,0,65360,82792,2.0,82794
2017,3,Tierra Del Fuego,19.49,65.74,3.48,90,2970,33858,0,0,0,0,0,34164,30883,583.0,31466
2017,3,Tucumán,9.83,39.7,6.39,1090,8948,83070,45302,20514,1361,655,0,159959,160979,33.0,161012
2017,2,Buenos Aires,18.1,56.27,7.2,7548,47472,1910156,299009,573298,93059,46178,0,2976720,3067430,11.201,3078631
2017,2,Capital Federal,52.24,124.06,8.84,5560,35663,726223,30497,378571,80234,37977,0,1564194,1592175,8.016,1600191
2017,2,Catamarca,6.61,25.98,5.1,150,3318,15655,5325,2342,470,1,0,26703,26692,13.0,26705
2017,2,Chaco,7.76,29.05,7.69,1910,3733,42590,22349,18044,3157,545,0,90609,90597,14.0,90611
2017,2,Chubut,10.9,35.55,3.45,4030,4186,73760,188,0,0,0,0,80229,62245,1.73,63975
2017,2,Córdoba,18.06,58.97,7.42,2510,26862,370865,88479,146683,20351,5069,0,658560,657505,133.0,657638
2017,2,Corrientes,8.27,31.39,6.79,150,5912,46483,21776,13043,2218,647,0,90094,90085,12.0,90097
2017,2,Entre Ríos,13.57,45.39,6.29,168,7944,104422,418,23524,2604,823,0,182797,182675,57.0,182732
2017,2,Formosa,5.08,19.97,6.18,1486,3419,14787,4795,4583,7490,139,0,29958,29956,0.0,29956
2017,2,Jujuy,5.73,22.4,4.54,3110,5877,26915,6974,2538,420,1,0,42658,42656,1.0,42657
2017,2,La Pampa,20.92,63.49,3.32,3560,8633,59045,5580,3360,2440,21,0,69193,72573,449.0,73022
2017,2,La Rioja,4.31,16.2,5.53,90,1554,9304,3599,1796,240,2,0,16288,16271,18.0,16289
2017,2,Mendoza,8.86,31.76,3.51,1090,240,177203,920,500,50,22,0,177505,169302,1.451,170753
2017,2,Misiones,8.2,30.09,7.6,1011,4447,47244,22033,21599,2892,570,0,99796,99794,0.0,99794
2017,2,Neuquén,18.43,61.91,6.7,1542,1395,81272,8490,18051,4774,1703,0,109586,115321,2.112,117433
2017,2,Río Negro,14.16,46.02,4.74,9730,5606,88085,2450,799,1921,559,0,105379,100621,998.0,101619
2017,2,Salta,7.93,32.74,5.76,5940,4719,67576,23185,11333,1068,76,0,108551,108540,1.0,108541
2017,2,San Juan,6.87,26.96,3.49,150,1930,58588,0,0,0,4,0,58800,51261,620.0,51881
2017,2,San Luis,2.72,9.51,3.5,80,40,14014,0,0,10,2,0,14029,12992,315.0,13307
2017,2,Santa Cruz,7.81,26.25,3.6,1880,240,30913,5410,660,330,0,0,31765,26019,369.0,26388
2017,2,Santa Fe,16.44,52.27,6.84,4967,38721,311830,92854,97563,16794,4275,0,567004,566918,362.0,567280
2017,2,Santiago Del Estero,3.5,14.12,5.06,260,3539,20384,6432,2802,160,0,0,33199,33194,2.0,33196
2017,2,Tierra Del Fuego,20.3,68.46,3.48,160,2850,35409,0,0,0,0,0,35710,31938,619.0,32557
2017,2,Tucumán,9.46,38.19,6.09,960,9236,83342,42536,17788,1371,21,0,154390,154374,37.0,154411
2017,1,Buenos Aires,18.8,58.57,6.68,6017,83918,2057698,402315,52354,90937,22299,0,3186724,3178174,11.202,3189376
2017,1,Capital Federal,45.69,108.37,8.35,5100,1409,678922,218487,277195,66536,19881,0,1262940,1391030,8.016,1399046
2017,1,Catamarca,6.53,25.66,4.97,150,3328,15861,4901,2161,490,0,0,26315,26304,13.0,26317
2017,1,Chaco,7.65,28.62,7.31,1910,3835,44544,21467,15671,3025,314,0,89047,89036,14.0,89050
2017,1,Chubut,10.93,35.66,3.44,4010,4182,73759,1808,0,0,0,0,80150,62166,1.73,63896
2017,1,Córdoba,17.65,57.65,6.8,500,28732,391556,82011,118643,19035,2071,0,642098,641066,133.0,641199
2017,1,Corrientes,8.15,30.94,6.43,150,604,48149,20586,11468,2044,303,0,88605,88596,12.0,88608
2017,1,Entre Ríos,13.43,44.91,5.95,168,808,108379,39146,20562,2254,317,0,180418,180296,57.0,180353
2017,1,Formosa,5.05,19.84,5.74,1535,3538,15473,4446,4058,6350,22,0,29707,29705,0.0,29705
2017,1,Jujuy,5.82,22.76,4.39,3300,6213,27824,6486,2306,440,0,0,43203,43202,1.0,43203
2017,1,La Pampa,20.65,62.67,3.22,3620,9279,57739,3310,1920,1650,11,0,68079,71458,455.0,71913
2017,1,La Rioja,4.31,16.2,5.43,90,1578,9486,3409,1718,220,2,0,16224,16207,18.0,16225
2017,1,Mendoza,8.89,31.84,3.51,1060,150,177201,860,500,50,22,0,177485,169282,1.451,170733
2017,1,Misiones,8.04,29.52,7.34,101,4665,45950,23847,19356,2627,166,0,97621,97619,0.0,97619
2017,1,Neuquén,18.17,61.02,6.03,1547,1418,83813,9020,1513,4223,458,0,107491,113227,2.112,115339
2017,1,Río Negro,14.16,46.03,4.45,9860,5647,89622,2460,6738,1594,200,0,105033,100288,1.0,101288
2017,1,Salta,7.89,32.58,5.34,5790,4861,70922,21554,9386,2670,74,0,107643,107632,1.0,107633
2017,1,San Juan,6.89,27.04,3.49,80,1920,58588,0,0,0,4,0,58792,51253,620.0,51873
2017,1,San Luis,2.73,9.55,3.5,80,40,14014,0,0,10,2,0,14029,12992,315.0,13307
2017,1,Santa Cruz,7.89,26.52,3.59,1900,230,31078,4740,680,300,0,0,31863,26116,370.0,26486
2017,1,Santa Fe,16.34,51.97,6.28,4966,39463,340418,77152,83008,15775,1831,0,562613,562520,362.0,562882
2017,1,Santiago Del Estero,3.65,14.7,4.95,260,3772,21659,6218,2786,170,0,0,34478,34473,2.0,34475
2017,1,Tierra Del Fuego,20.44,68.92,3.48,160,2850,35409,0,0,0,0,0,35710,31938,619.0,32557
2017,1,Tucumán,9.39,37.9,5.88,960,9682,86470,39155,15951,1383,13,0,152750,152734,37.0,152771
2016,4,Buenos Aires,18.58,61.24,6.35,6055,86281,2085605,403575,467398,72348,17279,0,3138541,3131499,11.202,3142701
2016,4,Capital Federal,45.78,120.63,7.96,5170,1477,704324,225723,264582,53506,16756,0,1266885,1393443,8.016,1401459
2016,4,Catamarca,6.72,26.54,4.89,150,3478,16519,4889,2077,540,0,0,27032,27021,13.0,27034
2016,4,Chaco,7.65,28.79,7.08,1910,3983,45634,21323,14887,2586,250,0,88854,88833,14.0,88847
2016,4,Chubut,10.96,36.07,3.41,4010,4493,73951,1352,0,0,0,0,80197,62035,1.73,63765
2016,4,Córdoba,17.57,57.7,6.47,500,2938,404645,77966,108368,15458,1606,0,637473,636422,133.0,636555
2016,4,Corrientes,8.12,30.98,6.24,150,6109,48995,20187,10908,1645,234,0,88093,88084,12.0,88096
2016,4,Entre Ríos,13.45,45.21,5.81,168,8253,110296,38491,19509,1801,280,0,180310,180188,57.0,180245
2016,4,Formosa,5.03,19.85,5.63,1573,3519,15791,4114,3855,6490,17,0,29518,29513,0.0,29513
2016,4,Jujuy,5.76,22.65,4.32,3030,6225,27778,6143,2134,430,0,0,42626,42624,1.0,42625
2016,4,La Pampa,20.67,63.02,3.19,3680,9789,56694,160,3350,1320,11,0,67345,71368,460.0,71828
2016,4,La Rioja,4.35,16.46,5.34,90,1646,9635,3334,1675,130,3,0,16315,16298,18.0,16316
2016,4,Mendoza,8.91,32.11,3.51,1140,160,177194,790,490,50,20,0,177477,169274,1.451,170725
2016,4,Misiones,8.05,29.72,7.11,101,4783,47454,23433,18371,2215,126,0,97392,97390,0.0,97390
2016,4,Neuquén,17.99,60.87,5.68,1539,1406,84859,7920,14153,3073,271,0,106093,111723,2.112,113835
2016,4,Río Negro,14.17,46.39,4.37,9980,2953,92967,2480,6317,1174,122,0,104779,100020,1.0,101020
2016,4,Salta,7.87,32.69,5.22,5770,5027,71636,20787,8611,2390,70,0,106947,106934,1.0,106935
2016,4,San Juan,6.91,27.29,3.49,80,2200,58608,0,0,0,4,0,58840,51301,620.0,51921
2016,4,San Luis,2.74,9.64,3.5,80,40,14014,0,0,10,2,0,14029,12992,315.0,13307
2016,4,Santa Cruz,7.94,27.05,3.56,1890,230,31369,3420,800,100,0,0,32013,26094,370.0,26464
2016,4,Santa Fe,16.35,52.19,6.04,4966,40102,349722,74401,77667,13155,1529,0,561542,561470,362.0,561832
2016,4,Santiago Del Estero,3.72,15.07,4.87,260,3925,22246,6178,2664,150,0,0,35054,35049,2.0,35051
2016,4,Tierra Del Fuego,20.57,70.31,3.48,160,2850,35409,0,0,0,0,0,35710,31938,619.0,32557
2016,4,Tucumán,9.35,37.98,5.73,960,10021,87994,37721,14389,14,10,0,151631,151615,37.0,151652
2016,3,Buenos Aires,18.3,60.14,5.91,5856,107945,2148475,39353,399116,529,13318,0,3121140,3075387,11.205,3086592
2016,3,Capital Federal,45.85,120.77,7.38,3310,9950,759028,208249,240856,38341,13886,0,1261686,1395053,8.051,1403104
2016,3,Catamarca,6.72,26.48,4.73,150,4038,16183,4845,1853,500,0,0,26984,26957,13.0,26970
2016,3,Chaco,7.71,28.91,6.72,1900,5227,46821,21193,13746,2022,217,0,89416,89216,14.0,89230
2016,3,Chubut,11.04,36.18,3.34,4660,519,74375,6740,0,0,0,0,80705,62222,1.73,63952
2016,3,Córdoba,17.79,58.24,6.07,480,41329,415075,75988,99225,11691,1322,0,644678,642458,133.0,642591
2016,3,Corrientes,8.16,31.07,5.96,150,7425,49471,19956,10006,1263,210,0,88346,88328,12.0,88340
2016,3,Entre Ríos,13.55,45.44,5.59,1768,10657,110844,38665,17737,1307,248,0,181226,181092,57.0,181149
2016,3,Formosa,4.73,18.64,5.42,1723,4277,15581,3964,3658,6480,10,0,29861,27716,0.0,27716
2016,3,Jujuy,5.76,22.61,4.22,2860,6878,27425,5943,1978,310,0,0,42541,42537,1.0,42538
2016,3,La Pampa,20.29,61.73,3.14,3740,10187,55792,150,2240,1140,11,0,66717,69903,461.0,70364
2016,3,La Rioja,4.53,17.07,5.08,90,2349,9686,3316,1562,110,2,0,16935,16912,18.0,16930
2016,3,Mendoza,8.93,32.09,3.51,370,100,178186,730,480,50,17,0,178376,169174,1.45,170624
2016,3,Misiones,8.12,29.91,6.74,101,603,48871,23394,17043,1559,91,0,97998,97997,0.0,97997
2016,3,Neuquén,17.86,60.21,5.29,1531,1527,87404,6800,12541,2118,225,0,106026,110491,2.112,112603
2016,3,Río Negro,14.22,46.39,4.16,1007,6026,90689,2070,5953,7900,99,0,104771,100024,1.002,101026
2016,3,Salta,7.96,32.96,5.05,1107,6922,71214,20229,8099,1970,50,0,107818,107790,1.0,107791
2016,3,San Juan,6.94,27.32,3.49,80,2450,58577,0,0,0,2,0,58832,51348,620.0,51968
2016,3,San Luis,2.75,9.63,3.5,70,40,14077,0,0,10,2,0,14091,12978,315.0,13293
2016,3,Santa Cruz,7.93,26.84,3.54,1890,220,31904,2210,520,90,0,0,32397,25886,371.0,26257
2016,3,Santa Fe,16.53,52.67,5.68,3958,49501,360606,72657,69864,1021,1308,0,568104,566625,386.0,567011
2016,3,Santiago Del Estero,3.79,15.33,4.67,260,5097,22747,6216,2497,90,0,0,36592,35658,2.0,35660
2016,3,Tierra Del Fuego,20.31,68.94,3.48,160,2850,35080,0,0,0,0,0,35381,31306,619.0,31925
2016,3,Tucumán,9.36,37.9,5.54,1270,12247,87970,36518,1315,1288,4,0,151304,151282,37.0,151319
2016,2,Buenos Aires,18.1,59.34,5.42,10786,133385,2250898,335296,334723,31494,11933,0,3108515,3032776,12.515,3045291
2016,2,Capital Federal,45.59,120.04,6.58,4352,1736,859039,146091,21301,19597,13477,0,1257302,1384824,9.76,1394584
2016,2,Catamarca,6.63,26.07,4.36,150,5736,14742,4567,1496,470,1,0,26604,26543,13.0,26556
2016,2,Chaco,7.64,28.59,6.3,1970,8063,45823,20346,1209,1571,201,0,88291,88235,16.0,88251
2016,2,Chubut,11.07,36.12,3.34,5720,5421,73078,7750,0,0,0,0,79846,62116,1.74,63856
2016,2,Córdoba,17.62,57.55,5.52,2580,5705,437547,7198,82618,8355,1242,0,659050,634680,234.0,634914
2016,2,Corrientes,8.05,30.58,5.6,410,10018,47916,192,8851,8030,191,0,87020,86932,24.0,86956
2016,2,Entre Ríos,13.38,44.74,5.13,4734,16368,115000,36917,15522,8490,205,0,189595,178194,179.0,178373
2016,2,Formosa,4.93,19.37,5.1,1675,5401,14370,3569,3218,5930,10,0,28836,28801,1.0,28802
2016,2,Jujuy,5.6,21.89,3.84,2561,8292,25301,5589,175,30,0,0,43496,41187,2.0,41189
2016,2,La Pampa,19.91,60.44,3.15,4290,10616,63928,150,1190,960,11,0,75214,68403,485.0,68888
2016,2,La Rioja,4.49,16.88,4.77,100,3151,9043,319,1344,30,5,0,16746,16718,18.0,16736
2016,2,Mendoza,8.97,32.13,3.5,4370,300,176922,610,440,50,20,0,177519,169274,1.55,170824
2016,2,Misiones,7.96,29.24,6.23,1973,7899,49586,21385,1482,1073,96,0,96832,95808,7.0,95815
2016,2,Neuquén,17.59,59.1,4.87,1916,1691,88854,5830,10241,1285,208,0,104778,108224,2.291,110515
2016,2,Río Negro,14.22,46.24,3.98,1189,6107,92158,1940,4877,5200,86,0,105131,99631,1.073,100704
2016,2,Salta,7.77,32.08,4.75,216,10123,70875,18759,7129,1400,49,0,109235,104929,3.0,104932
2016,2,San Juan,6.96,27.34,3.49,100,2730,57589,0,0,0,4,0,57876,51392,621.0,52013
2016,2,San Luis,2.75,9.6,3.5,120,40,13931,0,0,10,2,0,13950,12939,317.0,13256
2016,2,Santa Cruz,7.96,26.73,3.5,2440,260,31995,1420,200,0,0,0,32427,25797,356.0,26153
2016,2,Santa Fe,16.49,52.44,5.14,9486,67325,374960,68505,60469,6509,1277,0,588531,563867,607.0,564474
2016,2,Santiago Del Estero,3.94,15.89,4.31,7040,6705,22208,5943,2108,10,0,0,37669,36958,3.0,36961
2016,2,Tierra Del Fuego,20.08,67.72,3.48,160,2860,38773,0,0,0,0,0,39075,30740,619.0,31359
2016,2,Tucumán,9.22,37.24,5.2,2310,18515,83945,33891,1131,1032,2,0,148926,148636,41.0,148677
2016,1,Buenos Aires,17.54,57.34,4.99,7351,9788,2214760,289929,247372,8315,9529,0,2875136,2929903,12.612,2942515
2016,1,Capital Federal,43.76,115.16,6.05,231,43686,869048,178665,192644,6577,10838,0,1303768,1328079,9.817,1337896
2016,1,Catamarca,6.61,25.91,4.2,150,6102,14653,4241,1334,420,1,0,26388,26376,13.0,26389
2016,1,Chaco,7.52,28.08,5.99,1940,8755,46304,19388,10587,1238,184,0,86650,86635,16.0,86651
2016,1,Chubut,11.12,36.09,3.38,940,5095,72396,1066,0,0,0,0,78651,62060,1.74,63800
2016,1,Córdoba,16.97,55.28,5.16,1480,59484,414452,65763,66455,4143,1039,0,611484,609692,234.0,609926
2016,1,Corrientes,7.94,30.08,5.37,290,1069,47833,18375,7911,5260,170,0,85534,85510,26.0,85536
2016,1,Entre Ríos,13.14,43.85,5.08,2864,17749,104137,35104,14057,4570,165,0,174533,174634,179.0,174813
2016,1,Formosa,4.86,19.04,4.87,1738,5731,14163,3229,2906,5440,5,0,28316,28313,1.0,28314
2016,1,Jujuy,5.49,21.41,3.77,2543,8558,22383,5188,1623,0,0,0,40295,40287,2.0,40289
2016,1,La Pampa,19.1,57.84,3.05,4260,11065,52117,150,780,710,11,0,63783,65442,487.0,65929
2016,1,La Rioja,4.5,16.83,4.62,100,3382,9060,298,1254,20,3,0,16691,16673,18.0,16691
2016,1,Mendoza,8.99,32.12,3.5,2350,210,175376,470,430,50,17,0,175744,169257,1.553,170810
2016,1,Misiones,7.75,28.37,6.0,9590,8502,50061,19195,13363,7790,68,0,92927,92951,7.0,92958
2016,1,Neuquén,16.66,55.75,4.42,172,1737,86310,4790,7893,1430,171,0,98453,101969,2.292,104261
2016,1,Río Negro,14.15,45.84,3.83,1171,6105,90038,2030,4246,770,81,0,101921,98745,1.077,99822
2016,1,Salta,7.61,31.32,4.74,1119,10765,65646,17748,6643,1190,31,0,102071,102423,3.0,102426
2016,1,San Juan,6.98,27.33,3.49,90,3090,56447,0,0,0,2,0,56767,51373,621.0,51994
2016,1,San Luis,2.75,9.59,3.5,80,40,13645,0,0,10,2,0,13660,12915,317.0,13232
2016,1,Santa Cruz,8.05,26.87,3.48,1680,290,32188,80,0,0,0,0,32393,25931,356.0,26287
2016,1,Santa Fe,16.16,51.28,4.9,6492,71565,353525,64117,51293,3754,1063,0,551809,551378,618.0,551996
2016,1,Santiago Del Estero,4.03,16.21,4.17,7030,7219,22805,5769,1898,0,0,0,38394,37695,3.0,37698
2016,1,Tierra Del Fuego,19.65,65.83,3.48,160,2850,33003,0,0,0,0,0,33304,29867,619.0,30486
2016,1,Tucumán,9.13,36.72,5.0,1060,20092,84008,3149,10046,8710,0,0,146613,146596,41.0,146637
2015,4,Buenos Aires,17.68,58.29,4.88,7985,100303,2253197,27456,240188,3835,8180,0,2888246,2946743,12.642,2959385
2015,4,Capital Federal,44.83,118.13,5.93,2417,46568,916813,172029,198635,3087,10899,0,1350450,1360381,9.845,1370226
2015,4,Catamarca,6.64,26.24,4.12,150,6513,14484,4106,1313,390,1,0,26471,26459,13.0,26472
2015,4,Chaco,7.54,28.35,5.83,1940,9593,46771,18608,10092,1136,159,0,86553,86537,16.0,86553
2015,4,Chubut,11.21,36.89,3.28,6250,5774,71881,1680,0,0,0,0,78448,62279,1.74,64019
2015,4,Córdoba,17.47,57.36,5.07,1480,63746,427471,62989,67151,3336,1088,0,625929,625835,235.0,626070
2015,4,Corrientes,7.95,30.34,5.26,290,11248,48104,17877,7569,4560,150,0,85433,85409,26.0,85435
2015,4,Entre Ríos,13.12,44.11,5.01,2865,18883,104224,33989,13668,3990,163,0,174191,173957,180.0,174137
2015,4,Formosa,4.83,19.07,4.66,1791,6081,14279,2704,2713,5190,4,0,28091,28088,1.0,28089
2015,4,Jujuy,5.46,21.47,3.72,2551,8876,21867,5044,1587,0,0,0,39925,39922,2.0,39924
2015,4,La Pampa,19.27,58.76,2.94,5920,12951,48798,160,630,490,10,0,62479,66054,312.0,66366
2015,4,La Rioja,4.58,17.32,4.52,100,3638,9127,2937,1215,20,3,0,16932,16914,18.0,16932
2015,4,Mendoza,9.02,32.49,3.5,2410,230,174719,380,410,50,13,0,175080,169251,1.556,170807
2015,4,Misiones,7.77,28.69,5.9,9590,9169,51029,17281,1369,6750,52,0,92855,92846,7.0,92853
2015,4,Neuquén,17.23,58.29,4.36,1727,2061,89678,4550,7934,90,175,0,102039,105122,2.294,107416
2015,4,Río Negro,14.19,46.44,3.77,3282,4473,89062,2010,4024,50,75,0,101122,98655,1.067,99722
2015,4,Salta,7.6,31.59,4.67,1122,11387,65677,17139,6507,990,5,0,101936,101917,3.0,101920
2015,4,San Juan,7.01,27.66,3.48,90,3860,55761,0,0,0,2,0,56158,51408,621.0,52029
2015,4,San Luis,2.76,9.71,3.5,80,40,13473,0,0,10,2,0,13488,12901,317.0,13218
2015,4,Santa Cruz,8.14,27.74,3.48,1880,260,32338,30,0,0,0,0,32555,26047,356.0,26403
2015,4,Santa Fe,16.47,52.61,4.81,6659,7577,361264,60985,51258,3079,1189,0,560204,561045,627.0,561672
2015,4,Santiago Del Estero,4.2,17.0,4.09,7030,7836,23074,5669,1856,0,0,0,39138,39132,3.0,39135
2015,4,Tierra Del Fuego,19.44,66.46,3.47,160,2850,32662,0,0,0,0,0,32963,29334,619.0,29953
2015,4,Tucumán,9.12,37.06,4.88,1070,218,83887,29942,9507,8370,0,0,146080,146053,42.0,146095
2015,3,Buenos Aires,17.55,57.69,4.7,8361,107351,2266948,262564,200491,2642,7720,0,2856078,2916070,12.695,2928765
2015,3,Capital Federal,44.91,118.29,5.66,2448,4934,942525,159618,175594,2028,10022,0,1341574,1362193,9.875,1372068
2015,3,Catamarca,6.56,25.86,3.88,150,6871,14206,4143,8120,430,1,0,26091,26080,13.0,26093
2015,3,Chaco,7.45,27.96,5.47,2400,10353,47131,19016,7498,9790,157,0,85374,85354,16.0,85370
2015,3,Chubut,11.23,36.81,3.28,6410,5886,71668,1670,0,0,0,0,78362,62143,1.74,63883
2015,3,Córdoba,17.43,57.08,4.87,1500,68765,429787,61109,59372,2582,1048,0,622813,622761,237.0,622998
2015,3,Corrientes,7.93,30.17,5.06,330,11921,48127,18168,6111,4530,146,0,84959,84931,28.0,84959
2015,3,Entre Ríos,13.03,43.68,4.77,2863,20385,103990,34788,9924,3840,153,0,172487,172252,182.0,172434
2015,3,Formosa,4.78,18.84,4.17,1862,6521,14354,2791,1842,3790,2,0,27751,27751,1.0,27752
2015,3,Jujuy,5.42,21.27,3.53,2549,9278,21588,5169,9660,0,0,0,39550,39548,2.0,39550
2015,3,La Pampa,19.06,57.96,2.91,6130,13087,47660,90,550,390,10,0,61473,64976,495.0,65471
2015,3,La Rioja,4.55,17.15,4.25,100,384,9102,2984,8320,0,3,0,16771,16753,18.0,16771
2015,3,Mendoza,9.04,32.49,3.5,2560,250,173430,450,180,50,13,0,173792,169261,1.562,170823
2015,3,Misiones,7.69,28.31,5.63,9580,9809,51234,17367,11654,5590,43,0,91624,91615,7.0,91622
2015,3,Neuquén,16.2,54.6,4.23,1733,2124,85044,2100,6599,20,155,0,95867,98376,2.24,100616
2015,3,Río Negro,14.22,46.39,3.74,3372,4457,88691,990,3826,10,62,0,100508,98529,1.085,99614
2015,3,Salta,7.53,31.18,4.42,1126,12223,65405,17451,4318,610,5,0,100589,100570,3.0,100573
2015,3,San Juan,7.03,27.67,3.48,90,3910,54963,0,0,0,2,0,55365,51409,621.0,52030
2015,3,San Luis,2.77,9.71,3.5,90,40,13286,0,0,10,2,0,13302,12902,317.0,13219
2015,3,Santa Cruz,8.16,27.61,3.48,1900,250,32266,20,0,0,0,0,32483,25912,359.0,26271
2015,3,Santa Fe,16.36,52.15,4.56,6767,80817,363177,59531,42021,232,1133,0,555766,556097,641.0,556738
2015,3,Santiago Del Estero,4.24,17.12,3.91,7030,8332,23158,5956,1249,0,0,0,39398,39394,3.0,39397
2015,3,Tierra Del Fuego,22.05,74.86,3.48,150,2850,36408,20,0,0,0,0,36710,33118,619.0,33737
2015,3,Tucumán,9.04,36.61,4.57,1070,23687,83654,29998,6232,6230,0,0,144301,144272,42.0,144314
2015,2,Buenos Aires,17.33,56.8,4.46,8714,137189,2299705,243503,159922,201,6712,0,2857754,2871079,12.711,2883790
2015,2,Capital Federal,44.08,116.07,5.31,2493,51799,990112,148569,142976,1482,9258,0,1346690,1336391,9.893,1346284
2015,2,Catamarca,6.48,25.45,3.68,150,7253,14003,3776,5930,370,1,0,25678,25666,13.0,25679
2015,2,Chaco,7.34,27.46,5.19,2880,11058,47551,17675,6337,7880,149,0,83846,83832,16.0,83848
2015,2,Chubut,11.22,36.58,3.22,6560,6032,55791,1680,0,0,0,0,62647,61745,1.74,63485
2015,2,Córdoba,17.11,55.87,4.56,1560,72695,434717,54993,46415,1956,903,0,611835,609510,236.0,609746
2015,2,Corrientes,7.79,29.58,4.85,340,12542,48015,17184,5039,3790,126,0,83319,83288,28.0,83316
2015,2,Entre Ríos,12.84,42.93,4.55,2864,21986,104043,32293,7867,3540,136,0,169543,169309,183.0,169492
2015,2,Formosa,4.67,18.36,3.76,1881,6907,14247,2436,1324,2570,1,0,27053,27013,37.0,27050
2015,2,Jujuy,5.19,20.29,3.41,2479,9474,20248,4792,7300,0,0,0,37723,37720,2.0,37722
2015,2,La Pampa,18.69,56.71,2.86,5737,8182,46235,270,240,250,10,0,60240,63552,500.0,64052
2015,2,La Rioja,4.49,16.88,4.0,100,4082,9093,268,6410,0,3,0,16509,16491,18.0,16509
2015,2,Mendoza,9.07,32.49,3.5,2680,260,170451,420,160,50,13,0,170821,169259,1.564,170823
2015,2,Misiones,7.45,27.35,5.33,9580,1036,51671,15022,10072,4080,33,0,88524,88512,7.0,88519
2015,2,Neuquén,15.81,53.12,4.06,1755,2348,82727,2140,5168,20,110,0,92324,95644,2.241,97885
2015,2,Río Negro,14.14,45.98,3.67,3413,4525,87362,970,324,10,51,0,98689,97640,1.087,98727
2015,2,Salta,7.38,30.46,4.22,1123,1302,64737,16241,3114,290,5,0,98269,98264,3.0,98267
2015,2,San Juan,7.04,27.64,3.48,80,4100,51568,0,0,0,2,0,51988,51367,621.0,51988
2015,2,San Luis,2.78,9.71,3.5,90,40,13204,0,0,10,2,0,13220,12904,317.0,13221
2015,2,Santa Cruz,8.06,27.07,3.47,2100,250,25519,20,0,0,0,0,25756,25384,379.0,25763
2015,2,Santa Fe,16.09,51.18,4.3,6827,86016,364441,53205,33894,1856,1014,0,547253,545739,649.0,546388
2015,2,Santiago Del Estero,4.25,17.11,3.73,7030,8779,23456,5553,8880,0,0,0,39379,39375,3.0,39378
2015,2,Tierra Del Fuego,22.1,74.51,3.48,150,2850,36073,20,0,0,0,0,36375,32960,619.0,33579
2015,2,Tucumán,8.84,35.69,4.31,1070,25178,83462,26966,4502,4550,0,0,140670,140635,42.0,140677
2015,1,Buenos Aires,17.24,56.37,4.32,8882,123589,2267852,22007,126958,1561,5700,0,2754612,2847076,14.766,2861842
2015,1,Capital Federal,43.66,114.9,5.0,2545,59084,1013510,134151,114569,1195,8401,0,1333455,1321139,11.582,1332721
2015,1,Catamarca,6.4,25.11,3.48,130,7634,13754,3202,5170,90,1,0,25130,25312,20.0,25332
2015,1,Chaco,7.14,26.65,4.9,260,12053,47425,15883,5346,4890,135,0,81357,81329,31.0,81360
2015,1,Chubut,11.59,37.61,3.21,6510,6176,57333,1020,0,0,0,0,64262,63327,1.946,65273
2015,1,Córdoba,16.79,54.7,4.3,1570,78427,432802,46574,37443,1615,815,0,597833,596663,294.0,596957
2015,1,Corrientes,7.64,28.95,4.63,360,13295,47842,15554,4424,2350,98,0,81484,81488,43.0,81531
2015,1,Entre Ríos,12.61,42.07,4.35,2867,23951,104168,28113,6926,2740,119,0,166418,165839,231.0,166070
2015,1,Formosa,4.62,18.12,3.38,1891,7336,14413,2024,8780,1570,1,0,26700,26657,43.0,26700
2015,1,Jujuy,5.05,19.69,3.24,2458,9754,19858,3939,6030,0,0,0,36612,36608,3.0,36611
2015,1,La Pampa,18.33,55.51,2.83,6059,8054,45038,260,100,130,10,0,59210,62155,542.0,62697
2015,1,La Rioja,4.46,16.7,3.78,110,4201,9379,2207,5330,0,3,0,16334,16310,23.0,16333
2015,1,Mendoza,9.06,32.37,3.5,2870,240,169763,380,160,60,11,0,170145,168355,1.805,170160
2015,1,Misiones,7.19,26.31,4.97,9580,11136,51906,12387,8543,1940,26,0,85150,85139,7.0,85146
2015,1,Neuquén,15.53,51.95,3.91,1895,2577,80787,1700,4067,20,76,0,89574,93373,2.369,95742
2015,1,Río Negro,13.99,45.33,3.59,3371,4913,86173,940,2632,20,42,0,97227,96145,1.188,97333
2015,1,Salta,7.29,30.01,4.02,1123,14151,64992,13955,2569,150,5,0,96810,96793,18.0,96811
2015,1,San Juan,7.04,27.55,3.48,80,4450,51346,0,0,0,2,0,51801,51117,702.0,51819
2015,1,San Luis,2.79,9.72,3.5,100,80,12720,0,10,0,2,0,12741,12878,354.0,13232
2015,1,Santa Cruz,8.39,27.99,3.47,2050,270,26048,20,0,0,0,0,26282,26217,424.0,26641
2015,1,Santa Fe,15.83,50.24,4.06,6883,93096,360964,4527,27597,1542,900,0,536252,535640,797.0,536437
2015,1,Santiago Del Estero,4.24,17.06,3.57,7010,9236,23136,4796,7480,0,0,0,38617,39244,8.0,39252
2015,1,Tierra Del Fuego,22.17,74.23,3.45,140,6090,36319,20,0,0,0,0,36944,32726,730.0,33456
2015,1,Tucumán,8.72,35.08,4.07,1070,27143,83895,23061,3722,3340,0,0,138262,138184,92.0,138276
2014,4,Buenos Aires,17.01,56.09,4.2,8226,132937,2250445,20362,104322,9970,5406,0,2705954,2801178,15.229,2816407
2014,4,Capital Federal,43.6,114.9,4.78,2698,62896,1038269,123451,95772,8900,7997,0,1331972,1318526,11.994,1330520
2014,4,Catamarca,6.46,25.51,3.34,210,8047,14093,291,4210,0,1,0,25493,25472,21.0,25493
2014,4,Chaco,5.81,21.87,3.98,4830,12837,42106,7908,26,1240,2,0,66060,65998,37.0,66035
2014,4,Chubut,12.22,40.25,3.17,1858,6218,60392,700,0,0,0,0,68538,66557,1.985,68542
2014,4,Córdoba,16.66,54.7,4.09,1903,85362,427844,41947,30858,1177,782,0,589873,590113,319.0,590432
2014,4,Corrientes,6.17,23.56,3.81,400,1386,42182,7513,2106,0,9,0,65710,65656,54.0,65710
2014,4,Entre Ríos,10.72,36.03,3.8,2311,27801,88649,18318,3584,10,66,0,140730,140567,246.0,140813
2014,4,Formosa,4.55,17.96,3.02,1947,783,14058,1852,4730,470,1,0,26208,26156,51.0,26207
2014,4,Jujuy,4.98,19.6,3.13,188,10427,19740,3443,4650,0,0,0,35955,35999,3.0,36002
2014,4,La Pampa,16.82,51.27,2.75,6266,6879,36520,260,50,40,10,0,49710,56813,567.0,57380
2014,4,La Rioja,4.5,17.01,3.58,90,4333,9728,1943,3860,0,3,0,16402,16379,23.0,16402
2014,4,Mendoza,9.06,32.64,3.5,3030,190,169222,360,140,50,12,0,169611,167766,1.848,169614
2014,4,Misiones,6.54,24.16,4.03,5470,1184,53093,8731,2952,540,12,0,77229,77222,7.0,77229
2014,4,Neuquén,15.53,52.55,3.85,1731,2744,80938,1260,3621,20,66,0,89228,92999,2.397,95396
2014,4,Río Negro,13.89,45.48,3.54,364,4723,85094,940,2319,40,30,0,95904,95050,1.21,96260
2014,4,Salta,7.1,29.53,3.86,540,16214,63221,12552,1922,0,4,0,93967,93921,26.0,93947
2014,4,San Juan,7.1,28.04,3.48,110,4780,51628,0,0,0,2,0,52119,51390,729.0,52119
2014,4,San Luis,2.78,9.79,3.5,90,0,13135,0,0,10,2,0,13147,12788,359.0,13147
2014,4,Santa Cruz,8.16,27.8,3.33,1560,14,24145,10,10,0,0,0,25703,25277,436.0,25713
2014,4,Santa Fe,15.66,50.0,3.78,8707,99962,359293,36718,21098,8690,824,0,527471,528459,938.0,529397
2014,4,Santiago Del Estero,4.26,17.27,3.46,1246,8913,24181,4359,6020,0,0,0,39301,39308,9.0,39317
2014,4,Tierra Del Fuego,19.34,66.14,3.47,120,2830,31489,20,0,0,0,0,31786,28249,741.0,28990
2014,4,Tucumán,8.69,35.32,3.86,170,28746,85091,20631,2733,1960,0,0,137414,137329,95.0,137424
2014,3,Buenos Aires,17.26,56.75,3.97,7355,128187,2281524,156693,68947,2430,4232,0,2647181,2835537,14.028,2849565
2014,3,Capital Federal,43.21,113.8,4.44,8400,78016,1060145,10217,70907,950,6626,0,1318799,1307195,10.63,1317825
2014,3,Catamarca,6.27,24.71,2.92,190,8845,13790,1915,1110,0,0,0,24680,24665,21.0,24686
2014,3,Chaco,5.63,21.11,3.46,3980,14731,41934,5428,1274,50,0,0,63770,63710,36.0,63746
2014,3,Chubut,12.39,40.6,3.17,2013,6281,60771,340,0,0,0,0,69099,67130,2.007,69137
2014,3,Córdoba,16.56,54.23,3.66,6600,98992,435692,28992,18888,840,664,0,583972,585231,200.0,585431
2014,3,Corrientes,5.99,22.79,3.41,210,15448,41717,5181,1172,0,0,0,63539,63516,33.0,63549
2014,3,Entre Ríos,10.43,34.98,3.4,1709,2971,91450,12569,131,0,48,0,136796,136618,115.0,136733
2014,3,Formosa,4.51,17.77,2.66,2001,8323,14202,1324,850,0,0,0,25935,25873,64.0,25937
2014,3,Jujuy,4.68,18.37,2.93,1270,10979,20216,2305,820,0,0,0,33709,33739,2.0,33741
2014,3,La Pampa,18.34,55.78,2.82,6458,6645,41009,240,50,40,10,0,54155,61861,564.0,62425
2014,3,La Rioja,4.38,16.51,3.1,100,4785,9720,1337,610,0,0,0,15913,15893,23.0,15916
2014,3,Mendoza,8.99,32.31,3.5,350,0,167763,310,120,130,1,0,167855,166184,1.74,167924
2014,3,Misiones,6.4,23.57,3.58,6400,13637,53510,5928,1606,0,1,0,75322,75327,0.0,75327
2014,3,Neuquén,16.73,56.4,3.74,1522,3099,80090,1070,2865,100,27,0,87720,100099,2.268,102367
2014,3,Río Negro,14.16,46.2,3.48,364,5189,86868,870,1944,80,9,0,97745,96629,1.151,97780
2014,3,Salta,7.05,29.22,3.41,7320,17481,66026,8314,3880,0,0,0,92941,92929,25.0,92954
2014,3,San Juan,7.08,27.85,3.47,80,4870,51276,0,0,0,0,0,51771,51031,748.0,51779
2014,3,San Luis,2.77,9.71,3.5,80,0,13029,0,0,30,0,0,13040,12683,363.0,13046
2014,3,Santa Cruz,8.34,28.23,3.31,1950,1624,24248,10,10,0,0,0,26069,25664,446.0,26110
2014,3,Santa Fe,15.44,49.2,3.38,823,112593,357615,23962,12124,380,806,0,515368,520196,691.0,520887
2014,3,Santiago Del Estero,4.08,16.49,3.1,7910,9914,23826,2867,1420,0,0,0,37540,37539,9.0,37548
2014,3,Tierra Del Fuego,19.34,65.69,3.47,120,3360,32348,20,0,0,0,0,32698,28037,755.0,28792
2014,3,Tucumán,8.38,33.94,3.35,60,32716,84668,14101,5590,40,0,0,132054,131978,88.0,132066
2014,2,Buenos Aires,16.79,55.06,3.85,6902,162274,2288772,140226,56549,2840,4309,0,2659316,2750430,14.116,2764546
2014,2,Capital Federal,42.97,113.14,4.25,8470,81431,1078213,87359,56004,590,6427,0,1310340,1299502,10.713,1310215
2014,2,Catamarca,6.28,24.7,2.92,190,8844,13794,1915,1110,0,0,0,24683,24660,23.0,24683
2014,2,Chaco,5.6,20.96,3.42,4120,14854,41530,5418,1085,50,0,0,63304,63243,36.0,63279
2014,2,Chubut,12.7,41.41,3.16,2064,6582,61868,0,0,0,0,0,70514,68503,2.016,70519
2014,2,Córdoba,16.37,53.45,3.56,2105,101598,429536,28698,14824,760,627,0,577464,576747,205.0,576952
2014,2,Corrientes,5.95,22.58,3.37,200,15563,41219,5199,9560,0,0,0,62957,62925,33.0,62958
2014,2,Entre Ríos,10.37,34.69,3.31,2187,32781,86757,12564,1162,0,44,0,135495,135468,115.0,135583
2014,2,Formosa,4.46,17.54,2.65,2032,8218,13944,1321,850,0,0,0,25600,25535,65.0,25600
2014,2,Jujuy,4.78,18.71,2.77,1873,11233,18851,2305,820,0,0,0,34344,34359,2.0,34361
2014,2,La Pampa,16.38,49.71,2.68,7032,6761,34089,180,50,40,10,0,47919,55048,580.0,55628
2014,2,La Rioja,4.39,16.5,3.1,100,4785,9719,1337,610,0,0,0,15912,15889,23.0,15912
2014,2,Mendoza,8.96,32.1,3.5,350,60,166710,310,100,50,10,0,166807,165046,1.761,166807
2014,2,Misiones,6.37,23.37,3.54,5400,13644,53245,5924,1334,20,0,0,74689,74689,0.0,74689
2014,2,Neuquén,15.14,50.84,3.66,1531,3206,79087,920,2289,20,30,0,86237,90053,2.235,92288
2014,2,Río Negro,13.95,45.33,3.43,3468,5507,84978,780,1569,20,8,0,95610,94812,1.145,95957
2014,2,Salta,7.0,28.91,3.39,530,18818,64440,8293,3880,0,0,0,91992,91949,25.0,91974
2014,2,San Juan,7.08,27.78,3.47,100,5070,51129,0,0,0,0,0,51646,50891,755.0,51646
2014,2,San Luis,2.78,9.72,3.5,70,0,13045,0,0,10,2,0,13055,12691,364.0,13055
2014,2,Santa Cruz,8.74,29.38,3.32,1530,1637,25374,20,0,0,0,0,27166,26710,459.0,27169
2014,2,Santa Fe,15.22,48.39,3.31,8515,115197,353559,23939,10058,340,792,0,512094,511753,605.0,512358
2014,2,Santiago Del Estero,4.14,16.7,3.07,1231,9914,23842,2867,1420,0,0,0,37996,38002,9.0,38011
2014,2,Tierra Del Fuego,19.09,64.36,3.47,120,3340,31198,20,0,0,0,0,31546,27443,766.0,28209
2014,2,Tucumán,8.41,33.94,3.35,60,32714,84675,14101,5590,40,0,0,132059,131981,88.0,132069
2014,1,Buenos Aires,16.69,54.57,3.73,8469,171244,2279875,121787,38923,2060,4037,0,2624542,2725732,14.144,2739876
2014,1,Capital Federal,42.66,112.25,4.02,8520,88826,1096050,70293,38798,550,6208,0,1301081,1289204,10.714,1299918
2014,1,Catamarca,6.18,24.25,2.8,190,9147,13330,1672,640,0,0,0,24232,24209,23.0,24232
2014,1,Chaco,5.55,20.72,3.26,4380,15849,40869,4644,7410,50,0,0,62546,62520,36.0,62556
2014,1,Chubut,12.7,41.24,3.18,7452,100,61329,0,0,0,0,0,68791,68205,2.016,70221
2014,1,Córdoba,16.13,52.52,3.39,2076,107705,423114,24112,9818,400,588,0,567453,566705,205.0,566910
2014,1,Corrientes,5.89,22.32,3.22,200,16357,40742,4486,6300,0,0,0,62235,62203,33.0,62236
2014,1,Entre Ríos,10.3,34.37,3.17,2177,35206,85248,10828,7460,0,43,0,134248,134216,115.0,134331
2014,1,Formosa,4.44,17.42,2.57,2062,8475,13685,1133,670,0,0,0,25422,25335,87.0,25422
2014,1,Jujuy,4.72,18.42,2.69,1832,11498,18415,2002,560,0,0,0,33803,33825,2.0,33827
2014,1,La Pampa,15.99,48.43,2.65,7434,6535,32501,170,50,40,10,0,46506,53601,592.0,54193
2014,1,La Rioja,4.35,16.29,2.96,100,5111,9390,1165,350,0,0,0,15711,15688,23.0,15711
2014,1,Mendoza,8.93,31.91,3.5,350,60,166655,190,100,60,9,0,166740,164084,1.761,165845
2014,1,Misiones,6.32,23.14,3.4,5450,1446,52852,5139,9580,0,0,0,73954,73950,0.0,73950
2014,1,Neuquén,14.88,49.79,3.55,4133,9870,77148,840,1582,20,22,0,83958,88077,2.303,90380
2014,1,Río Negro,13.87,44.91,3.35,467,4618,84304,730,1062,10,8,0,94736,93909,1.157,95066
2014,1,Salta,6.98,28.7,3.3,530,19677,64061,7192,3140,0,0,0,91297,91265,25.0,91290
2014,1,San Juan,7.05,27.6,3.47,5310,20,51056,0,0,0,0,0,51589,50543,755.0,51298
2014,1,San Luis,2.68,9.35,3.5,70,30,12544,0,10,0,2,0,12557,12193,364.0,12557
2014,1,Santa Cruz,8.68,28.94,3.32,1610,1625,24972,10,10,0,0,0,26760,26304,460.0,26764
2014,1,Santa Fe,15.08,47.85,3.15,8456,124468,345225,20328,6845,230,668,0,506013,506000,612.0,506612
2014,1,Santiago Del Estero,4.06,16.31,2.95,1234,10531,22817,2422,1090,0,0,0,37113,37124,9.0,37133
2014,1,Tierra Del Fuego,19.1,63.97,3.45,120,6070,30902,60,0,0,0,0,31527,27272,766.0,28038
2014,1,Tucumán,8.31,33.42,3.21,60,34672,83210,11779,3620,30,0,0,130032,129944,88.0,130032
